dataset,fold,tau,n_eval,input_dim,task_kind,payload_path,lambda_base_s1,lambda_resid_s2,base_selected,residual_self_selected,residual_effective_selected,full_selected,primary_complementary_overlap,primary_residual_self_overlap,base_acc,base_f1,residual_acc,residual_f1,full_acc,full_f1
Breast_Cancer_Wisconsin_(Original),1,0.3,140,9,binary,/home/harp3133t/Research/03_Research/GH-ANFIS_E404/hyper_parameter/cv_weights/Breast_Cancer_Wisconsin__Original___no_mi/fold_01/gh_anfis.pt,0.0,0.0,8,9,1,9,0,8,0.9642857142857143,0.946236559139785,0.8285714285714286,0.6842105263157895,0.9714285714285714,0.9574468085106383
Breast_Cancer_Wisconsin_(Original),1,0.4,140,9,binary,/home/harp3133t/Research/03_Research/GH-ANFIS_E404/hyper_parameter/cv_weights/Breast_Cancer_Wisconsin__Original___no_mi/fold_01/gh_anfis.pt,0.0,0.0,6,9,3,9,0,6,0.9642857142857143,0.9473684210526315,0.7357142857142858,0.6476190476190476,0.9785714285714285,0.9690721649484536
Breast_Cancer_Wisconsin_(Original),1,0.5,140,9,binary,/home/harp3133t/Research/03_Research/GH-ANFIS_E404/hyper_parameter/cv_weights/Breast_Cancer_Wisconsin__Original___no_mi/fold_01/gh_anfis.pt,0.0,0.0,6,9,3,9,0,6,0.9642857142857143,0.9473684210526315,0.7357142857142858,0.6476190476190476,0.9785714285714285,0.9690721649484536
Breast_Cancer_Wisconsin_(Original),1,0.6,140,9,binary,/home/harp3133t/Research/03_Research/GH-ANFIS_E404/hyper_parameter/cv_weights/Breast_Cancer_Wisconsin__Original___no_mi/fold_01/gh_anfis.pt,0.0,0.0,6,3,3,9,0,0,0.9642857142857143,0.9473684210526315,0.7357142857142858,0.6476190476190476,0.9785714285714285,0.9690721649484536
Breast_Cancer_Wisconsin_(Original),1,0.7,140,9,binary,/home/harp3133t/Research/03_Research/GH-ANFIS_E404/hyper_parameter/cv_weights/Breast_Cancer_Wisconsin__Original___no_mi/fold_01/gh_anfis.pt,0.0,0.0,4,3,3,7,0,0,0.9214285714285714,0.8817204301075269,0.7357142857142858,0.6476190476190476,0.9357142857142857,0.9032258064516129
Breast_Cancer_Wisconsin_(Original),2,0.3,140,9,binary,/home/harp3133t/Research/03_Research/GH-ANFIS_E404/hyper_parameter/cv_weights/Breast_Cancer_Wisconsin__Original___no_mi/fold_02/gh_anfis.pt,0.0,0.0,8,9,1,9,0,8,0.9714285714285714,0.9591836734693877,0.17857142857142858,0.294478527607362,0.9642857142857143,0.9484536082474226
Breast_Cancer_Wisconsin_(Original),2,0.4,140,9,binary,/home/harp3133t/Research/03_Research/GH-ANFIS_E404/hyper_parameter/cv_weights/Breast_Cancer_Wisconsin__Original___no_mi/fold_02/gh_anfis.pt,0.0,0.0,8,9,1,9,0,8,0.9714285714285714,0.9591836734693877,0.17857142857142858,0.294478527607362,0.9642857142857143,0.9484536082474226
Breast_Cancer_Wisconsin_(Original),2,0.5,140,9,binary,/home/harp3133t/Research/03_Research/GH-ANFIS_E404/hyper_parameter/cv_weights/Breast_Cancer_Wisconsin__Original___no_mi/fold_02/gh_anfis.pt,0.0,0.0,8,9,1,9,0,8,0.9714285714285714,0.9591836734693877,0.17857142857142858,0.294478527607362,0.9642857142857143,0.9484536082474226
Breast_Cancer_Wisconsin_(Original),2,0.6,140,9,binary,/home/harp3133t/Research/03_Research/GH-ANFIS_E404/hyper_parameter/cv_weights/Breast_Cancer_Wisconsin__Original___no_mi/fold_02/gh_anfis.pt,0.0,0.0,7,1,1,8,0,0,0.9714285714285714,0.9591836734693877,0.17857142857142858,0.294478527607362,0.9642857142857143,0.9484536082474226
Breast_Cancer_Wisconsin_(Original),2,0.7,140,9,binary,/home/harp3133t/Research/03_Research/GH-ANFIS_E404/hyper_parameter/cv_weights/Breast_Cancer_Wisconsin__Original___no_mi/fold_02/gh_anfis.pt,0.0,0.0,7,1,1,8,0,0,0.9714285714285714,0.9591836734693877,0.17857142857142858,0.294478527607362,0.9642857142857143,0.9484536082474226
Breast_Cancer_Wisconsin_(Original),3,0.3,140,9,binary,/home/harp3133t/Research/03_Research/GH-ANFIS_E404/hyper_parameter/cv_weights/Breast_Cancer_Wisconsin__Original___no_mi/fold_03/gh_anfis.pt,0.0,0.0,8,9,1,9,0,8,0.9785714285714285,0.9696969696969697,0.34285714285714286,0.5106382978723404,0.9785714285714285,0.9696969696969697
Breast_Cancer_Wisconsin_(Original),3,0.4,140,9,binary,/home/harp3133t/Research/03_Research/GH-ANFIS_E404/hyper_parameter/cv_weights/Breast_Cancer_Wisconsin__Original___no_mi/fold_03/gh_anfis.pt,0.0,0.0,8,9,1,9,0,8,0.9785714285714285,0.9696969696969697,0.34285714285714286,0.5106382978723404,0.9785714285714285,0.9696969696969697
Breast_Cancer_Wisconsin_(Original),3,0.5,140,9,binary,/home/harp3133t/Research/03_Research/GH-ANFIS_E404/hyper_parameter/cv_weights/Breast_Cancer_Wisconsin__Original___no_mi/fold_03/gh_anfis.pt,0.0,0.0,7,9,2,9,0,7,0.9785714285714285,0.9696969696969697,0.7571428571428571,0.6530612244897959,0.9714285714285714,0.9591836734693877
Breast_Cancer_Wisconsin_(Original),3,0.6,140,9,binary,/home/harp3133t/Research/03_Research/GH-ANFIS_E404/hyper_parameter/cv_weights/Breast_Cancer_Wisconsin__Original___no_mi/fold_03/gh_anfis.pt,0.0,0.0,5,2,2,7,0,0,0.9642857142857143,0.9484536082474226,0.7571428571428571,0.6530612244897959,0.9642857142857143,0.9484536082474226
Breast_Cancer_Wisconsin_(Original),3,0.7,140,9,binary,/home/harp3133t/Research/03_Research/GH-ANFIS_E404/hyper_parameter/cv_weights/Breast_Cancer_Wisconsin__Original___no_mi/fold_03/gh_anfis.pt,0.0,0.0,4,2,2,6,0,0,0.9571428571428572,0.9387755102040817,0.7571428571428571,0.6530612244897959,0.9571428571428572,0.9375
Breast_Cancer_Wisconsin_(Original),4,0.3,140,9,binary,/home/harp3133t/Research/03_Research/GH-ANFIS_E404/hyper_parameter/cv_weights/Breast_Cancer_Wisconsin__Original___no_mi/fold_04/gh_anfis.pt,0.0,0.0,8,9,1,9,0,8,0.9642857142857143,0.9473684210526315,0.2,0.30864197530864196,0.9571428571428572,0.9375
Breast_Cancer_Wisconsin_(Original),4,0.4,140,9,binary,/home/harp3133t/Research/03_Research/GH-ANFIS_E404/hyper_parameter/cv_weights/Breast_Cancer_Wisconsin__Original___no_mi/fold_04/gh_anfis.pt,0.0,0.0,6,9,3,9,0,6,0.9642857142857143,0.9473684210526315,0.8285714285714286,0.7551020408163265,0.9785714285714285,0.9690721649484536
Breast_Cancer_Wisconsin_(Original),4,0.5,140,9,binary,/home/harp3133t/Research/03_Research/GH-ANFIS_E404/hyper_parameter/cv_weights/Breast_Cancer_Wisconsin__Original___no_mi/fold_04/gh_anfis.pt,0.0,0.0,6,9,3,9,0,6,0.9642857142857143,0.9473684210526315,0.8285714285714286,0.7551020408163265,0.9785714285714285,0.9690721649484536
Breast_Cancer_Wisconsin_(Original),4,0.6,140,9,binary,/home/harp3133t/Research/03_Research/GH-ANFIS_E404/hyper_parameter/cv_weights/Breast_Cancer_Wisconsin__Original___no_mi/fold_04/gh_anfis.pt,0.0,0.0,5,3,3,8,0,0,0.9714285714285714,0.9583333333333334,0.8285714285714286,0.7551020408163265,0.9642857142857143,0.9494949494949495
Breast_Cancer_Wisconsin_(Original),4,0.7,140,9,binary,/home/harp3133t/Research/03_Research/GH-ANFIS_E404/hyper_parameter/cv_weights/Breast_Cancer_Wisconsin__Original___no_mi/fold_04/gh_anfis.pt,0.0,0.0,5,3,3,8,0,0,0.9714285714285714,0.9583333333333334,0.8285714285714286,0.7551020408163265,0.9642857142857143,0.9494949494949495
Breast_Cancer_Wisconsin_(Original),5,0.3,139,9,binary,/home/harp3133t/Research/03_Research/GH-ANFIS_E404/hyper_parameter/cv_weights/Breast_Cancer_Wisconsin__Original___no_mi/fold_05/gh_anfis.pt,0.0,0.0,9,9,0,9,0,9,0.9784172661870504,0.9690721649484536,0.34532374100719426,0.5133689839572193,0.9712230215827338,0.9591836734693877
Breast_Cancer_Wisconsin_(Original),5,0.4,139,9,binary,/home/harp3133t/Research/03_Research/GH-ANFIS_E404/hyper_parameter/cv_weights/Breast_Cancer_Wisconsin__Original___no_mi/fold_05/gh_anfis.pt,0.0,0.0,8,9,1,9,0,8,0.9712230215827338,0.9583333333333334,0.34532374100719426,0.5133689839572193,0.9640287769784173,0.9504950495049505
Breast_Cancer_Wisconsin_(Original),5,0.5,139,9,binary,/home/harp3133t/Research/03_Research/GH-ANFIS_E404/hyper_parameter/cv_weights/Breast_Cancer_Wisconsin__Original___no_mi/fold_05/gh_anfis.pt,0.0,0.0,6,9,3,9,0,6,0.9784172661870504,0.9690721649484536,0.8057553956834532,0.6896551724137931,0.9784172661870504,0.9690721649484536
Breast_Cancer_Wisconsin_(Original),5,0.6,139,9,binary,/home/harp3133t/Research/03_Research/GH-ANFIS_E404/hyper_parameter/cv_weights/Breast_Cancer_Wisconsin__Original___no_mi/fold_05/gh_anfis.pt,0.0,0.0,6,3,3,9,0,0,0.9784172661870504,0.9690721649484536,0.8057553956834532,0.6896551724137931,0.9784172661870504,0.9690721649484536
Breast_Cancer_Wisconsin_(Original),5,0.7,139,9,binary,/home/harp3133t/Research/03_Research/GH-ANFIS_E404/hyper_parameter/cv_weights/Breast_Cancer_Wisconsin__Original___no_mi/fold_05/gh_anfis.pt,0.0,0.0,5,3,3,8,0,0,0.9712230215827338,0.9583333333333334,0.8057553956834532,0.6896551724137931,0.9640287769784173,0.9473684210526315
Vowel,1,0.3,198,26,multiclass,/home/harp3133t/Research/03_Research/GH-ANFIS_E404/hyper_parameter/cv_weights/Vowel__no_mi/fold_01/gh_anfis.pt,0.01,0.0,26,26,0,26,0,26,0.9444444444444444,0.9439639832828688,0.09090909090909091,0.015151515151515152,0.9444444444444444,0.9439639832828688
Vowel,1,0.4,198,26,multiclass,/home/harp3133t/Research/03_Research/GH-ANFIS_E404/hyper_parameter/cv_weights/Vowel__no_mi/fold_01/gh_anfis.pt,0.01,0.0,26,26,0,26,0,26,0.9444444444444444,0.9439639832828688,0.09090909090909091,0.015151515151515152,0.9444444444444444,0.9439639832828688
Vowel,1,0.5,198,26,multiclass,/home/harp3133t/Research/03_Research/GH-ANFIS_E404/hyper_parameter/cv_weights/Vowel__no_mi/fold_01/gh_anfis.pt,0.01,0.0,26,26,0,26,0,26,0.9444444444444444,0.9439639832828688,0.09090909090909091,0.015151515151515152,0.9444444444444444,0.9439639832828688
Vowel,1,0.6,198,26,multiclass,/home/harp3133t/Research/03_Research/GH-ANFIS_E404/hyper_parameter/cv_weights/Vowel__no_mi/fold_01/gh_anfis.pt,0.01,0.0,26,0,0,26,0,0,0.9444444444444444,0.9439639832828688,0.09090909090909091,0.015151515151515152,0.9444444444444444,0.9439639832828688
Vowel,1,0.7,198,26,multiclass,/home/harp3133t/Research/03_Research/GH-ANFIS_E404/hyper_parameter/cv_weights/Vowel__no_mi/fold_01/gh_anfis.pt,0.01,0.0,26,0,0,26,0,0,0.9444444444444444,0.9439639832828688,0.09090909090909091,0.015151515151515152,0.9444444444444444,0.9439639832828688
Vowel,2,0.3,198,26,multiclass,/home/harp3133t/Research/03_Research/GH-ANFIS_E404/hyper_parameter/cv_weights/Vowel__no_mi/fold_02/gh_anfis.pt,0.01,0.0,26,26,0,26,0,26,0.9646464646464646,0.9636216661758457,0.09090909090909091,0.015151515151515152,0.9696969696969697,0.9690485262677776
Vowel,2,0.4,198,26,multiclass,/home/harp3133t/Research/03_Research/GH-ANFIS_E404/hyper_parameter/cv_weights/Vowel__no_mi/fold_02/gh_anfis.pt,0.01,0.0,26,26,0,26,0,26,0.9646464646464646,0.9636216661758457,0.09090909090909091,0.015151515151515152,0.9696969696969697,0.9690485262677776
Vowel,2,0.5,198,26,multiclass,/home/harp3133t/Research/03_Research/GH-ANFIS_E404/hyper_parameter/cv_weights/Vowel__no_mi/fold_02/gh_anfis.pt,0.01,0.0,26,26,0,26,0,26,0.9646464646464646,0.9636216661758457,0.09090909090909091,0.015151515151515152,0.9696969696969697,0.9690485262677776
Vowel,2,0.6,198,26,multiclass,/home/harp3133t/Research/03_Research/GH-ANFIS_E404/hyper_parameter/cv_weights/Vowel__no_mi/fold_02/gh_anfis.pt,0.01,0.0,26,0,0,26,0,0,0.9646464646464646,0.9636216661758457,0.09090909090909091,0.015151515151515152,0.9696969696969697,0.9690485262677776
Vowel,2,0.7,198,26,multiclass,/home/harp3133t/Research/03_Research/GH-ANFIS_E404/hyper_parameter/cv_weights/Vowel__no_mi/fold_02/gh_anfis.pt,0.01,0.0,26,0,0,26,0,0,0.9646464646464646,0.9636216661758457,0.09090909090909091,0.015151515151515152,0.9696969696969697,0.9690485262677776
Vowel,3,0.3,198,26,multiclass,/home/harp3133t/Research/03_Research/GH-ANFIS_E404/hyper_parameter/cv_weights/Vowel__no_mi/fold_03/gh_anfis.pt,0.01,0.0,26,26,0,26,0,26,0.98989898989899,0.9898677174218969,0.09090909090909091,0.015151515151515152,0.98989898989899,0.9898677174218969
Vowel,3,0.4,198,26,multiclass,/home/harp3133t/Research/03_Research/GH-ANFIS_E404/hyper_parameter/cv_weights/Vowel__no_mi/fold_03/gh_anfis.pt,0.01,0.0,26,26,0,26,0,26,0.98989898989899,0.9898677174218969,0.09090909090909091,0.015151515151515152,0.98989898989899,0.9898677174218969
Vowel,3,0.5,198,26,multiclass,/home/harp3133t/Research/03_Research/GH-ANFIS_E404/hyper_parameter/cv_weights/Vowel__no_mi/fold_03/gh_anfis.pt,0.01,0.0,26,26,0,26,0,26,0.98989898989899,0.9898677174218969,0.09090909090909091,0.015151515151515152,0.98989898989899,0.9898677174218969
Vowel,3,0.6,198,26,multiclass,/home/harp3133t/Research/03_Research/GH-ANFIS_E404/hyper_parameter/cv_weights/Vowel__no_mi/fold_03/gh_anfis.pt,0.01,0.0,26,0,0,26,0,0,0.98989898989899,0.9898677174218969,0.09090909090909091,0.015151515151515152,0.98989898989899,0.9898677174218969
Vowel,3,0.7,198,26,multiclass,/home/harp3133t/Research/03_Research/GH-ANFIS_E404/hyper_parameter/cv_weights/Vowel__no_mi/fold_03/gh_anfis.pt,0.01,0.0,25,0,0,25,0,0,0.9646464646464646,0.9642527530509518,0.09090909090909091,0.015151515151515152,0.9696969696969697,0.9693071581053568
Vowel,4,0.3,198,26,multiclass,/home/harp3133t/Research/03_Research/GH-ANFIS_E404/hyper_parameter/cv_weights/Vowel__no_mi/fold_04/gh_anfis.pt,0.01,0.0,26,26,0,26,0,26,0.9747474747474747,0.9744910494910495,0.09090909090909091,0.015151515151515152,0.9747474747474747,0.9744910494910495
Vowel,4,0.4,198,26,multiclass,/home/harp3133t/Research/03_Research/GH-ANFIS_E404/hyper_parameter/cv_weights/Vowel__no_mi/fold_04/gh_anfis.pt,0.01,0.0,26,26,0,26,0,26,0.9747474747474747,0.9744910494910495,0.09090909090909091,0.015151515151515152,0.9747474747474747,0.9744910494910495
Vowel,4,0.5,198,26,multiclass,/home/harp3133t/Research/03_Research/GH-ANFIS_E404/hyper_parameter/cv_weights/Vowel__no_mi/fold_04/gh_anfis.pt,0.01,0.0,26,26,0,26,0,26,0.9747474747474747,0.9744910494910495,0.09090909090909091,0.015151515151515152,0.9747474747474747,0.9744910494910495
Vowel,4,0.6,198,26,multiclass,/home/harp3133t/Research/03_Research/GH-ANFIS_E404/hyper_parameter/cv_weights/Vowel__no_mi/fold_04/gh_anfis.pt,0.01,0.0,26,0,0,26,0,0,0.9747474747474747,0.9744910494910495,0.09090909090909091,0.015151515151515152,0.9747474747474747,0.9744910494910495
Vowel,4,0.7,198,26,multiclass,/home/harp3133t/Research/03_Research/GH-ANFIS_E404/hyper_parameter/cv_weights/Vowel__no_mi/fold_04/gh_anfis.pt,0.01,0.0,25,0,0,25,0,0,0.9747474747474747,0.9744910494910495,0.09090909090909091,0.015151515151515152,0.9747474747474747,0.9744910494910495
Vowel,5,0.3,198,26,multiclass,/home/harp3133t/Research/03_Research/GH-ANFIS_E404/hyper_parameter/cv_weights/Vowel__no_mi/fold_05/gh_anfis.pt,0.01,0.0,26,26,0,26,0,26,0.9545454545454546,0.9537988603778077,0.09090909090909091,0.015151515151515152,0.9545454545454546,0.9537988603778077
Vowel,5,0.4,198,26,multiclass,/home/harp3133t/Research/03_Research/GH-ANFIS_E404/hyper_parameter/cv_weights/Vowel__no_mi/fold_05/gh_anfis.pt,0.01,0.0,26,26,0,26,0,26,0.9545454545454546,0.9537988603778077,0.09090909090909091,0.015151515151515152,0.9545454545454546,0.9537988603778077
Vowel,5,0.5,198,26,multiclass,/home/harp3133t/Research/03_Research/GH-ANFIS_E404/hyper_parameter/cv_weights/Vowel__no_mi/fold_05/gh_anfis.pt,0.01,0.0,26,26,0,26,0,26,0.9545454545454546,0.9537988603778077,0.09090909090909091,0.015151515151515152,0.9545454545454546,0.9537988603778077
Vowel,5,0.6,198,26,multiclass,/home/harp3133t/Research/03_Research/GH-ANFIS_E404/hyper_parameter/cv_weights/Vowel__no_mi/fold_05/gh_anfis.pt,0.01,0.0,26,0,0,26,0,0,0.9545454545454546,0.9537988603778077,0.09090909090909091,0.015151515151515152,0.9545454545454546,0.9537988603778077
Vowel,5,0.7,198,26,multiclass,/home/harp3133t/Research/03_Research/GH-ANFIS_E404/hyper_parameter/cv_weights/Vowel__no_mi/fold_05/gh_anfis.pt,0.01,0.0,26,0,0,26,0,0,0.9545454545454546,0.9537988603778077,0.09090909090909091,0.015151515151515152,0.9545454545454546,0.9537988603778077
Spambase,1,0.3,921,57,binary,/home/harp3133t/Research/03_Research/GH-ANFIS_E404/hyper_parameter/cv_weights/Spambase__no_mi/fold_01/gh_anfis.pt,0.001,0.001,42,57,15,57,0,42,0.9142236699239956,0.8936742934051144,0.4788273615635179,0.5190380761523046,0.9142236699239956,0.8948069241011984
Spambase,1,0.4,921,57,binary,/home/harp3133t/Research/03_Research/GH-ANFIS_E404/hyper_parameter/cv_weights/Spambase__no_mi/fold_01/gh_anfis.pt,0.001,0.001,35,57,22,57,0,35,0.9196525515743756,0.8994565217391305,0.5982627578718784,0.6012931034482759,0.9174809989142236,0.8975741239892183
Spambase,1,0.5,921,57,binary,/home/harp3133t/Research/03_Research/GH-ANFIS_E404/hyper_parameter/cv_weights/Spambase__no_mi/fold_01/gh_anfis.pt,0.001,0.001,25,53,28,53,0,25,0.9185667752442996,0.8959778085991679,0.756786102062975,0.712082262210797,0.9294245385450597,0.9105914718019257
Spambase,1,0.6,921,57,binary,/home/harp3133t/Research/03_Research/GH-ANFIS_E404/hyper_parameter/cv_weights/Spambase__no_mi/fold_01/gh_anfis.pt,0.001,0.001,21,9,9,30,0,0,0.9207383279044516,0.8984700973574409,0.6568946796959826,0.5226586102719033,0.9239956568946797,0.901685393258427
Spambase,1,0.7,921,57,binary,/home/harp3133t/Research/03_Research/GH-ANFIS_E404/hyper_parameter/cv_weights/Spambase__no_mi/fold_01/gh_anfis.pt,0.001,0.001,18,0,0,18,0,0,0.8349619978284474,0.819047619047619,0.6058631921824105,0.0,0.8577633007600435,0.8392638036809816
Spambase,2,0.3,920,57,binary,/home/harp3133t/Research/03_Research/GH-ANFIS_E404/hyper_parameter/cv_weights/Spambase__no_mi/fold_02/gh_anfis.pt,0.001,0.001,42,57,15,57,0,42,0.9021739130434783,0.8828125,0.4391304347826087,0.340153452685422,0.9141304347826087,0.8945260347129506
Spambase,2,0.4,920,57,binary,/home/harp3133t/Research/03_Research/GH-ANFIS_E404/hyper_parameter/cv_weights/Spambase__no_mi/fold_02/gh_anfis.pt,0.001,0.001,33,56,23,56,0,33,0.9163043478260869,0.8963660834454913,0.716304347826087,0.6244604316546762,0.9184782608695652,0.8993288590604027
Spambase,2,0.5,920,57,binary,/home/harp3133t/Research/03_Research/GH-ANFIS_E404/hyper_parameter/cv_weights/Spambase__no_mi/fold_02/gh_anfis.pt,0.001,0.001,22,51,29,51,0,22,0.9239130434782609,0.9041095890410958,0.7739130434782608,0.7062146892655368,0.9293478260869565,0.9115646258503401
Spambase,2,0.6,920,57,binary,/home/harp3133t/Research/03_Research/GH-ANFIS_E404/hyper_parameter/cv_weights/Spambase__no_mi/fold_02/gh_anfis.pt,0.001,0.001,21,8,8,29,0,0,0.9173913043478261,0.8972972972972973,0.6804347826086956,0.5258064516129032,0.9282608695652174,0.9098360655737705
Spambase,2,0.7,920,57,binary,/home/harp3133t/Research/03_Research/GH-ANFIS_E404/hyper_parameter/cv_weights/Spambase__no_mi/fold_02/gh_anfis.pt,0.001,0.001,16,0,0,16,0,0,0.9021739130434783,0.8787061994609164,0.6054347826086957,0.0,0.8967391304347826,0.8671328671328671
Spambase,3,0.3,920,57,binary,/home/harp3133t/Research/03_Research/GH-ANFIS_E404/hyper_parameter/cv_weights/Spambase__no_mi/fold_03/gh_anfis.pt,0.001,0.001,39,57,18,57,0,39,0.9293478260869565,0.912043301759134,0.5532608695652174,0.22889305816135083,0.9315217391304348,0.912621359223301
Spambase,3,0.4,920,57,binary,/home/harp3133t/Research/03_Research/GH-ANFIS_E404/hyper_parameter/cv_weights/Spambase__no_mi/fold_03/gh_anfis.pt,0.001,0.001,34,57,23,57,0,34,0.9304347826086956,0.9135135135135135,0.6282608695652174,0.4337748344370861,0.933695652173913,0.9160935350756534
Spambase,3,0.5,920,57,binary,/home/harp3133t/Research/03_Research/GH-ANFIS_E404/hyper_parameter/cv_weights/Spambase__no_mi/fold_03/gh_anfis.pt,0.001,0.001,24,47,23,47,0,24,0.9282608695652174,0.9115281501340483,0.7619565217391304,0.6866952789699571,0.9347826086956522,0.9182561307901907
Spambase,3,0.6,920,57,binary,/home/harp3133t/Research/03_Research/GH-ANFIS_E404/hyper_parameter/cv_weights/Spambase__no_mi/fold_03/gh_anfis.pt,0.001,0.001,22,8,8,30,0,0,0.9260869565217391,0.9093333333333333,0.7336956521739131,0.648493543758967,0.9304347826086956,0.9135135135135135
Spambase,3,0.7,920,57,binary,/home/harp3133t/Research/03_Research/GH-ANFIS_E404/hyper_parameter/cv_weights/Spambase__no_mi/fold_03/gh_anfis.pt,0.001,0.001,19,0,0,19,0,0,0.9119565217391304,0.884450784593438,0.6054347826086957,0.0,0.9054347826086957,0.872992700729927
Spambase,4,0.3,920,57,binary,/home/harp3133t/Research/03_Research/GH-ANFIS_E404/hyper_parameter/cv_weights/Spambase__no_mi/fold_04/gh_anfis.pt,0.001,0.001,41,57,16,57,0,41,0.9206521739130434,0.9025367156208278,0.44565217391304346,0.4358407079646018,0.9260869565217391,0.9090909090909091
Spambase,4,0.4,920,57,binary,/home/harp3133t/Research/03_Research/GH-ANFIS_E404/hyper_parameter/cv_weights/Spambase__no_mi/fold_04/gh_anfis.pt,0.001,0.001,35,57,22,57,0,35,0.9347826086956522,0.9184782608695652,0.6391304347826087,0.518840579710145,0.9358695652173913,0.9192886456908345
Spambase,4,0.5,920,57,binary,/home/harp3133t/Research/03_Research/GH-ANFIS_E404/hyper_parameter/cv_weights/Spambase__no_mi/fold_04/gh_anfis.pt,0.001,0.001,29,50,21,50,0,29,0.9326086956521739,0.9134078212290503,0.6858695652173913,0.5692995529061102,0.9391304347826087,0.9211267605633803
Spambase,4,0.6,920,57,binary,/home/harp3133t/Research/03_Research/GH-ANFIS_E404/hyper_parameter/cv_weights/Spambase__no_mi/fold_04/gh_anfis.pt,0.001,0.001,25,4,4,29,0,0,0.925,0.9050894085281981,0.675,0.4763572679509632,0.9260869565217391,0.9055555555555556
Spambase,4,0.7,920,57,binary,/home/harp3133t/Research/03_Research/GH-ANFIS_E404/hyper_parameter/cv_weights/Spambase__no_mi/fold_04/gh_anfis.pt,0.001,0.001,20,0,0,20,0,0,0.8576086956521739,0.8412121212121212,0.6065217391304348,0.0,0.8641304347826086,0.8458692971639951
Spambase,5,0.3,920,57,binary,/home/harp3133t/Research/03_Research/GH-ANFIS_E404/hyper_parameter/cv_weights/Spambase__no_mi/fold_05/gh_anfis.pt,0.001,0.001,39,57,18,57,0,39,0.9184782608695652,0.8962655601659751,0.40108695652173915,0.41816261879619854,0.9195652173913044,0.8977900552486188
Spambase,5,0.4,920,57,binary,/home/harp3133t/Research/03_Research/GH-ANFIS_E404/hyper_parameter/cv_weights/Spambase__no_mi/fold_05/gh_anfis.pt,0.001,0.001,34,57,23,57,0,34,0.9239130434782609,0.9025069637883009,0.4934782608695652,0.5105042016806722,0.9184782608695652,0.8959778085991679
Spambase,5,0.5,920,57,binary,/home/harp3133t/Research/03_Research/GH-ANFIS_E404/hyper_parameter/cv_weights/Spambase__no_mi/fold_05/gh_anfis.pt,0.001,0.001,26,50,24,50,0,26,0.9271739130434783,0.9046941678520626,0.6043478260869565,0.6060606060606061,0.9282608695652174,0.90625
Spambase,5,0.6,920,57,binary,/home/harp3133t/Research/03_Research/GH-ANFIS_E404/hyper_parameter/cv_weights/Spambase__no_mi/fold_05/gh_anfis.pt,0.001,0.001,20,5,5,25,0,0,0.9163043478260869,0.8974700399467377,0.4543478260869565,0.5795644891122278,0.9228260869565217,0.9062087186261559
Spambase,5,0.7,920,57,binary,/home/harp3133t/Research/03_Research/GH-ANFIS_E404/hyper_parameter/cv_weights/Spambase__no_mi/fold_05/gh_anfis.pt,0.001,0.001,17,0,0,17,0,0,0.8173913043478261,0.8051044083526682,0.3934782608695652,0.5647425897035881,0.8173913043478261,0.8055555555555556
Gisette,1,0.3,1200,5000,binary,/home/harp3133t/Research/03_Research/GH-ANFIS_E404/hyper_parameter/cv_weights/Gisette__no_mi/fold_01/gh_anfis.pt,0.01,0.001,5000,5000,0,5000,0,5000,0.9775,0.9774436090225563,0.5,0.6666666666666666,0.9783333333333334,0.9782971619365609
Gisette,1,0.4,1200,5000,binary,/home/harp3133t/Research/03_Research/GH-ANFIS_E404/hyper_parameter/cv_weights/Gisette__no_mi/fold_01/gh_anfis.pt,0.01,0.001,5000,5000,0,5000,0,5000,0.9775,0.9774436090225563,0.5,0.6666666666666666,0.9783333333333334,0.9782971619365609
Gisette,1,0.5,1200,5000,binary,/home/harp3133t/Research/03_Research/GH-ANFIS_E404/hyper_parameter/cv_weights/Gisette__no_mi/fold_01/gh_anfis.pt,0.01,0.001,2401,2645,244,2645,0,2401,0.9775,0.9774436090225563,0.44583333333333336,0.4562551103843009,0.9766666666666667,0.9765886287625418
Gisette,1,0.6,1200,5000,binary,/home/harp3133t/Research/03_Research/GH-ANFIS_E404/hyper_parameter/cv_weights/Gisette__no_mi/fold_01/gh_anfis.pt,0.01,0.001,0,0,0,0,0,0,0.5,0.6666666666666666,0.5,0.6666666666666666,0.5,0.6666666666666666
Gisette,1,0.7,1200,5000,binary,/home/harp3133t/Research/03_Research/GH-ANFIS_E404/hyper_parameter/cv_weights/Gisette__no_mi/fold_01/gh_anfis.pt,0.01,0.001,0,0,0,0,0,0,0.5,0.6666666666666666,0.5,0.6666666666666666,0.5,0.6666666666666666
Gisette,2,0.3,1200,5000,binary,/home/harp3133t/Research/03_Research/GH-ANFIS_E404/hyper_parameter/cv_weights/Gisette__no_mi/fold_02/gh_anfis.pt,0.01,0.001,5000,5000,0,5000,0,5000,0.9791666666666666,0.9791492910758965,0.5,0.6666666666666666,0.9791666666666666,0.9791492910758965
Gisette,2,0.4,1200,5000,binary,/home/harp3133t/Research/03_Research/GH-ANFIS_E404/hyper_parameter/cv_weights/Gisette__no_mi/fold_02/gh_anfis.pt,0.01,0.001,5000,5000,0,5000,0,5000,0.9791666666666666,0.9791492910758965,0.5,0.6666666666666666,0.9791666666666666,0.9791492910758965
Gisette,2,0.5,1200,5000,binary,/home/harp3133t/Research/03_Research/GH-ANFIS_E404/hyper_parameter/cv_weights/Gisette__no_mi/fold_02/gh_anfis.pt,0.01,0.001,2448,2729,281,2729,0,2448,0.9791666666666666,0.9791492910758965,0.425,0.4558359621451104,0.9791666666666666,0.9791492910758965
Gisette,2,0.6,1200,5000,binary,/home/harp3133t/Research/03_Research/GH-ANFIS_E404/hyper_parameter/cv_weights/Gisette__no_mi/fold_02/gh_anfis.pt,0.01,0.001,0,0,0,0,0,0,0.5,0.6666666666666666,0.5,0.6666666666666666,0.5,0.6666666666666666
Gisette,2,0.7,1200,5000,binary,/home/harp3133t/Research/03_Research/GH-ANFIS_E404/hyper_parameter/cv_weights/Gisette__no_mi/fold_02/gh_anfis.pt,0.01,0.001,0,0,0,0,0,0,0.5,0.6666666666666666,0.5,0.6666666666666666,0.5,0.6666666666666666
Gisette,3,0.3,1200,5000,binary,/home/harp3133t/Research/03_Research/GH-ANFIS_E404/hyper_parameter/cv_weights/Gisette__no_mi/fold_03/gh_anfis.pt,0.01,0.001,5000,5000,0,5000,0,5000,0.9766666666666667,0.9765886287625418,0.5,0.6666666666666666,0.9766666666666667,0.9765886287625418
Gisette,3,0.4,1200,5000,binary,/home/harp3133t/Research/03_Research/GH-ANFIS_E404/hyper_parameter/cv_weights/Gisette__no_mi/fold_03/gh_anfis.pt,0.01,0.001,5000,5000,0,5000,0,5000,0.9766666666666667,0.9765886287625418,0.5,0.6666666666666666,0.9766666666666667,0.9765886287625418
Gisette,3,0.5,1200,5000,binary,/home/harp3133t/Research/03_Research/GH-ANFIS_E404/hyper_parameter/cv_weights/Gisette__no_mi/fold_03/gh_anfis.pt,0.01,0.001,2392,2670,278,2670,0,2392,0.9766666666666667,0.9765886287625418,0.435,0.46445497630331756,0.9775,0.9774436090225563
Gisette,3,0.6,1200,5000,binary,/home/harp3133t/Research/03_Research/GH-ANFIS_E404/hyper_parameter/cv_weights/Gisette__no_mi/fold_03/gh_anfis.pt,0.01,0.001,0,0,0,0,0,0,0.5,0.6666666666666666,0.5,0.6666666666666666,0.5,0.6666666666666666
Gisette,3,0.7,1200,5000,binary,/home/harp3133t/Research/03_Research/GH-ANFIS_E404/hyper_parameter/cv_weights/Gisette__no_mi/fold_03/gh_anfis.pt,0.01,0.001,0,0,0,0,0,0,0.5,0.6666666666666666,0.5,0.6666666666666666,0.5,0.6666666666666666
Gisette,4,0.3,1200,5000,binary,/home/harp3133t/Research/03_Research/GH-ANFIS_E404/hyper_parameter/cv_weights/Gisette__no_mi/fold_04/gh_anfis.pt,0.01,0.001,5000,5000,0,5000,0,5000,0.9666666666666667,0.9668874172185431,0.5,0.6666666666666666,0.9666666666666667,0.9668874172185431
Gisette,4,0.4,1200,5000,binary,/home/harp3133t/Research/03_Research/GH-ANFIS_E404/hyper_parameter/cv_weights/Gisette__no_mi/fold_04/gh_anfis.pt,0.01,0.001,5000,5000,0,5000,0,5000,0.9666666666666667,0.9668874172185431,0.5,0.6666666666666666,0.9666666666666667,0.9668874172185431
Gisette,4,0.5,1200,5000,binary,/home/harp3133t/Research/03_Research/GH-ANFIS_E404/hyper_parameter/cv_weights/Gisette__no_mi/fold_04/gh_anfis.pt,0.01,0.001,2391,2659,268,2659,0,2391,0.9666666666666667,0.9668874172185431,0.495,0.517515923566879,0.9675,0.9676884838442419
Gisette,4,0.6,1200,5000,binary,/home/harp3133t/Research/03_Research/GH-ANFIS_E404/hyper_parameter/cv_weights/Gisette__no_mi/fold_04/gh_anfis.pt,0.01,0.001,0,0,0,0,0,0,0.5,0.6666666666666666,0.5,0.6666666666666666,0.5,0.6666666666666666
Gisette,4,0.7,1200,5000,binary,/home/harp3133t/Research/03_Research/GH-ANFIS_E404/hyper_parameter/cv_weights/Gisette__no_mi/fold_04/gh_anfis.pt,0.01,0.001,0,0,0,0,0,0,0.5,0.6666666666666666,0.5,0.6666666666666666,0.5,0.6666666666666666
Gisette,5,0.3,1200,5000,binary,/home/harp3133t/Research/03_Research/GH-ANFIS_E404/hyper_parameter/cv_weights/Gisette__no_mi/fold_05/gh_anfis.pt,0.01,0.001,5000,5000,0,5000,0,5000,0.9775,0.9774436090225563,0.5,0.6666666666666666,0.9775,0.9774436090225563
Gisette,5,0.4,1200,5000,binary,/home/harp3133t/Research/03_Research/GH-ANFIS_E404/hyper_parameter/cv_weights/Gisette__no_mi/fold_05/gh_anfis.pt,0.01,0.001,5000,5000,0,5000,0,5000,0.9775,0.9774436090225563,0.5,0.6666666666666666,0.9775,0.9774436090225563
Gisette,5,0.5,1200,5000,binary,/home/harp3133t/Research/03_Research/GH-ANFIS_E404/hyper_parameter/cv_weights/Gisette__no_mi/fold_05/gh_anfis.pt,0.01,0.001,2412,2701,289,2701,0,2412,0.9775,0.9774436090225563,0.49416666666666664,0.5216706067769897,0.9783333333333334,0.9783333333333334
Gisette,5,0.6,1200,5000,binary,/home/harp3133t/Research/03_Research/GH-ANFIS_E404/hyper_parameter/cv_weights/Gisette__no_mi/fold_05/gh_anfis.pt,0.01,0.001,0,0,0,0,0,0,0.5,0.6666666666666666,0.5,0.6666666666666666,0.5,0.6666666666666666
Gisette,5,0.7,1200,5000,binary,/home/harp3133t/Research/03_Research/GH-ANFIS_E404/hyper_parameter/cv_weights/Gisette__no_mi/fold_05/gh_anfis.pt,0.01,0.001,0,0,0,0,0,0,0.5,0.6666666666666666,0.5,0.6666666666666666,0.5,0.6666666666666666
