dataset,variant,variant_label,full_acc,full_f1,selected_features,mask_overlap_rate,primary_f1,full_minus_primary_f1,source
Breast Cancer,full_grs,Full GRS-ANFIS,0.9556 +/- 0.0139,0.9338 +/- 0.0226,72.20,0.0000,0.9246,0.0092,/home/harp3133t/Research/03_Research/GH-ANFIS_E404/rebuttal_full_completion/artifacts/legacy_preprocessing_bcwvowel/mat6_architecture_bcwd/attribution_summary.csv
Breast Cancer,primary_only_same_budget,"Primary-only, same epoch budget",0.9528 +/- 0.0097,0.9308 +/- 0.0150,37.00,0.0000,0.9308,0.0000,/home/harp3133t/Research/03_Research/GH-ANFIS_E404/rebuttal_full_completion/artifacts/legacy_preprocessing_bcwvowel/mat6_architecture_bcwd/attribution_summary.csv
Breast Cancer,joint_training_same_budget,"Joint training, same epoch budget",0.9528 +/- 0.0097,0.9304 +/- 0.0149,52.60,0.0000,0.9263,0.0041,/home/harp3133t/Research/03_Research/GH-ANFIS_E404/rebuttal_full_completion/artifacts/legacy_preprocessing_bcwvowel/mat6_architecture_bcwd/attribution_summary.csv
Breast Cancer,no_disjoint,No disjoint complementary routing,0.9499 +/- 0.0064,0.9260 +/- 0.0115,73.80,0.4565,0.9257,0.0003,/home/harp3133t/Research/03_Research/GH-ANFIS_E404/rebuttal_full_completion/artifacts/legacy_preprocessing_bcwvowel/mat6_architecture_bcwd/attribution_summary.csv
Breast Cancer,no_hard_finetune_same_budget,"No hard fine-tune, same epoch budget",0.9413 +/- 0.0083,0.9129 +/- 0.0143,78.60,0.0000,0.8957,0.0172,/home/harp3133t/Research/03_Research/GH-ANFIS_E404/rebuttal_full_completion/artifacts/legacy_preprocessing_bcwvowel/mat6_architecture_bcwd/attribution_summary.csv
Breast Cancer,dense_tsk_same_rules,"Dense TSK-ANFIS, same total rules/epochs",0.9628 +/- 0.0114,0.9462 +/- 0.0167,80.00,,,,/home/harp3133t/Research/03_Research/GH-ANFIS_E404/rebuttal_full_completion/artifacts/legacy_preprocessing_bcwvowel/mat6_architecture_bcwd/attribution_summary.csv
Breast Cancer,prod_firing,Product firing instead of HTSK,0.9514 +/- 0.0199,0.9286 +/- 0.0293,78.40,0.0000,0.9291,-0.0004,/home/harp3133t/Research/03_Research/GH-ANFIS_E404/rebuttal_full_completion/artifacts/legacy_preprocessing_bcwvowel/mat6_architecture_bcwd/attribution_summary.csv
Gisette,full_grs,Full GRS-ANFIS,0.9705 +/- 0.0032,0.9704 +/- 0.0032,2698.00,0.0000,0.9701,0.0003,/home/harp3133t/Research/03_Research/GH-ANFIS_E404/rebuttal_full_completion/artifacts/gisette_full_completion/mat6_architecture_gisette/attribution_summary.csv
Gisette,primary_only_same_budget,"Primary-only, same epoch budget",0.9710 +/- 0.0040,0.9710 +/- 0.0039,2287.00,0.0000,0.9710,0.0000,/home/harp3133t/Research/03_Research/GH-ANFIS_E404/rebuttal_full_completion/artifacts/gisette_full_completion/mat6_architecture_gisette/attribution_summary.csv
Gisette,joint_training_same_budget,"Joint training, same epoch budget",0.9687 +/- 0.0037,0.9686 +/- 0.0036,3333.50,0.0000,0.9687,-0.0000,/home/harp3133t/Research/03_Research/GH-ANFIS_E404/rebuttal_full_completion/artifacts/gisette_full_completion/mat6_architecture_gisette/attribution_summary.csv
Gisette,no_disjoint,No disjoint complementary routing,0.9722 +/- 0.0042,0.9722 +/- 0.0041,2394.50,0.3207,0.9727,-0.0005,/home/harp3133t/Research/03_Research/GH-ANFIS_E404/rebuttal_full_completion/artifacts/gisette_full_completion/mat6_architecture_gisette/attribution_summary.csv
Gisette,no_hard_finetune_same_budget,"No hard fine-tune, same epoch budget",0.9675 +/- 0.0038,0.9674 +/- 0.0038,2346.50,0.0000,0.9669,0.0005,/home/harp3133t/Research/03_Research/GH-ANFIS_E404/rebuttal_full_completion/artifacts/gisette_full_completion/mat6_architecture_gisette/attribution_summary.csv
Gisette,dense_tsk_same_rules,"Dense TSK-ANFIS, same total rules/epochs",0.9685 +/- 0.0045,0.9684 +/- 0.0045,5000.00,,,,/home/harp3133t/Research/03_Research/GH-ANFIS_E404/rebuttal_full_completion/artifacts/gisette_full_completion/mat6_architecture_gisette/attribution_summary.csv
Gisette,prod_firing,Product firing instead of HTSK,0.5000 +/- 0.0000,0.3333 +/- 0.3333,0.00,,0.6667,-0.3333,/home/harp3133t/Research/03_Research/GH-ANFIS_E404/rebuttal_full_completion/artifacts/gisette_full_completion/mat6_architecture_gisette/attribution_summary.csv
Spambase,full_grs,Full GRS-ANFIS,0.9352 +/- 0.0058,0.9172 +/- 0.0080,56.00,0.0000,0.9092,0.0080,/home/harp3133t/Research/03_Research/GH-ANFIS_E404/rebuttal_full_completion/artifacts/gisette_full_completion/mat6_architecture_spambase/attribution_summary.csv
Spambase,primary_only_same_budget,"Primary-only, same epoch budget",0.9333 +/- 0.0081,0.9148 +/- 0.0102,41.20,0.0000,0.9148,0.0000,/home/harp3133t/Research/03_Research/GH-ANFIS_E404/rebuttal_full_completion/artifacts/gisette_full_completion/mat6_architecture_spambase/attribution_summary.csv
Spambase,joint_training_same_budget,"Joint training, same epoch budget",0.8570 +/- 0.0481,0.8336 +/- 0.0373,53.00,0.0000,0.8006,0.0331,/home/harp3133t/Research/03_Research/GH-ANFIS_E404/rebuttal_full_completion/artifacts/gisette_full_completion/mat6_architecture_spambase/attribution_summary.csv
Spambase,no_disjoint,No disjoint complementary routing,0.9385 +/- 0.0069,0.9211 +/- 0.0096,52.40,0.3574,0.9034,0.0177,/home/harp3133t/Research/03_Research/GH-ANFIS_E404/rebuttal_full_completion/artifacts/gisette_full_completion/mat6_architecture_spambase/attribution_summary.csv
Spambase,no_hard_finetune_same_budget,"No hard fine-tune, same epoch budget",0.9294 +/- 0.0074,0.9099 +/- 0.0096,56.80,0.0000,0.8696,0.0403,/home/harp3133t/Research/03_Research/GH-ANFIS_E404/rebuttal_full_completion/artifacts/gisette_full_completion/mat6_architecture_spambase/attribution_summary.csv
Spambase,dense_tsk_same_rules,"Dense TSK-ANFIS, same total rules/epochs",0.9418 +/- 0.0051,0.9257 +/- 0.0062,57.00,,,,/home/harp3133t/Research/03_Research/GH-ANFIS_E404/rebuttal_full_completion/artifacts/gisette_full_completion/mat6_architecture_spambase/attribution_summary.csv
Spambase,prod_firing,Product firing instead of HTSK,0.9220 +/- 0.0104,0.9003 +/- 0.0143,56.40,0.0000,0.9009,-0.0006,/home/harp3133t/Research/03_Research/GH-ANFIS_E404/rebuttal_full_completion/artifacts/gisette_full_completion/mat6_architecture_spambase/attribution_summary.csv
Vowel,full_grs,Full GRS-ANFIS,0.9657 +/- 0.0074,0.9656 +/- 0.0076,27.40,0.0000,0.9584,0.0073,/home/harp3133t/Research/03_Research/GH-ANFIS_E404/rebuttal_full_completion/artifacts/legacy_preprocessing_bcwvowel/mat6_architecture_vowel/attribution_summary.csv
Vowel,primary_only_same_budget,"Primary-only, same epoch budget",0.9556 +/- 0.0141,0.9555 +/- 0.0141,16.40,0.0000,0.9555,0.0000,/home/harp3133t/Research/03_Research/GH-ANFIS_E404/rebuttal_full_completion/artifacts/legacy_preprocessing_bcwvowel/mat6_architecture_vowel/attribution_summary.csv
Vowel,joint_training_same_budget,"Joint training, same epoch budget",0.7899 +/- 0.0465,0.7881 +/- 0.0466,21.40,0.0000,0.7311,0.0570,/home/harp3133t/Research/03_Research/GH-ANFIS_E404/rebuttal_full_completion/artifacts/legacy_preprocessing_bcwvowel/mat6_architecture_vowel/attribution_summary.csv
Vowel,no_disjoint,No disjoint complementary routing,0.9697 +/- 0.0055,0.9695 +/- 0.0057,27.00,0.6000,0.9494,0.0201,/home/harp3133t/Research/03_Research/GH-ANFIS_E404/rebuttal_full_completion/artifacts/legacy_preprocessing_bcwvowel/mat6_architecture_vowel/attribution_summary.csv
Vowel,no_hard_finetune_same_budget,"No hard fine-tune, same epoch budget",0.7747 +/- 0.1155,0.7731 +/- 0.1159,27.40,0.0000,0.6610,0.1121,/home/harp3133t/Research/03_Research/GH-ANFIS_E404/rebuttal_full_completion/artifacts/legacy_preprocessing_bcwvowel/mat6_architecture_vowel/attribution_summary.csv
Vowel,dense_tsk_same_rules,"Dense TSK-ANFIS, same total rules/epochs",0.9727 +/- 0.0052,0.9726 +/- 0.0053,29.00,,,,/home/harp3133t/Research/03_Research/GH-ANFIS_E404/rebuttal_full_completion/artifacts/legacy_preprocessing_bcwvowel/mat6_architecture_vowel/attribution_summary.csv
Vowel,prod_firing,Product firing instead of HTSK,0.9475 +/- 0.0185,0.9474 +/- 0.0185,28.20,0.0000,0.9370,0.0104,/home/harp3133t/Research/03_Research/GH-ANFIS_E404/rebuttal_full_completion/artifacts/legacy_preprocessing_bcwvowel/mat6_architecture_vowel/attribution_summary.csv
