dataset,fold,variant,variant_label,component,task_kind,n_train,n_val,n_features,n_outputs,seed,train_seconds,criterion,variant_meta,acc,precision,recall,f1,base_active_features,residual_active_features,union_active_features,overlap_active_features,mask_overlap_rate,mask_disjointness_rate,base_prob_mean,residual_prob_mean,base_rule_count,residual_rule_count,total_rule_count,selected_feature_count,rule_weight_entropy,rule_weight_entropy_norm,effective_rule_count,near_zero_rule_weight_rate,near_zero_rule_firing_rate,near_zero_firing_or_weight_rate,nonfinite_rule_weight_count,nonfinite_rule_firing_count,nonfinite_logit_count
Spambase,1,full_grs,Full GRS-ANFIS,primary,binary,3680,921,57,1,42001,8.132568513043225,BCEWithLogitsLoss,"{""label"": ""Full GRS-ANFIS""}",0.9131378935939196,0.9149560117302052,0.859504132231405,0.8863636363636364,37.0,20.0,57.0,0.0,0.0,1.0,0.6523667573928833,0.5398217439651489,7.0,11.0,18.0,57.0,1.331503115570118,0.4606684562178828,3.7918996269876355,0.6111111044883728,,0.6111111044883728,0.0,0.0,0.0
Spambase,1,full_grs,Full GRS-ANFIS,complementary,binary,3680,921,57,1,42001,8.132568513043225,BCEWithLogitsLoss,"{""label"": ""Full GRS-ANFIS""}",0.6927252985884907,0.5766283524904214,0.8292011019283747,0.6802259887005649,37.0,20.0,57.0,0.0,0.0,1.0,0.6523667573928833,0.5398217439651489,7.0,11.0,18.0,57.0,2.3718174894003603,0.8205925243685223,10.734414160704638,0.0,,0.0,0.0,0.0,0.0
Spambase,1,full_grs,Full GRS-ANFIS,full,binary,3680,921,57,1,42001,8.132568513043225,BCEWithLogitsLoss,"{""label"": ""Full GRS-ANFIS""}",0.9272529858849077,0.9180790960451978,0.8953168044077136,0.9065550906555091,37.0,20.0,57.0,0.0,0.0,1.0,0.6523667573928833,0.5398217439651489,7.0,11.0,18.0,57.0,2.3718174894003603,0.8205925243685223,10.734414160704638,0.0,,0.0,0.0,0.0,0.0
Spambase,1,primary_only_same_budget,"Primary-only, same epoch budget",primary,binary,3680,921,57,1,42001,6.667591248638928,BCEWithLogitsLoss,"{""label"": ""Primary-only, same epoch budget""}",0.9207383279044516,0.8940217391304348,0.90633608815427,0.9001367989056087,36.0,0.0,36.0,0.0,0.0,1.0,0.6583267450332642,0.5,7.0,0.0,7.0,36.0,1.6013233732840655,0.5540198574042864,4.966092600237404,0.6111111044883728,,0.6111111044883728,0.0,0.0,0.0
Spambase,1,no_hard_finetune_same_budget,"No hard fine-tune, same epoch budget",primary,binary,3680,921,57,1,42001,8.0233302898705,BCEWithLogitsLoss,"{""label"": ""No hard fine-tune, same epoch budget"", ""scope_note"": ""removes hard-mask fine-tuning phases, not the thresholded complement used between stages""}",0.8306188925081434,0.718816067653277,0.9366391184573003,0.8133971291866029,44.0,13.0,57.0,0.0,0.0,1.0,0.7362680435180664,0.5468041896820068,7.0,11.0,18.0,57.0,1.543895927107166,0.5341513258820636,4.69972752592851,0.6111111044883728,,0.6111111044883728,0.0,0.0,0.0
Spambase,1,no_hard_finetune_same_budget,"No hard fine-tune, same epoch budget",complementary,binary,3680,921,57,1,42001,8.0233302898705,BCEWithLogitsLoss,"{""label"": ""No hard fine-tune, same epoch budget"", ""scope_note"": ""removes hard-mask fine-tuning phases, not the thresholded complement used between stages""}",0.6807817589576547,0.9367088607594937,0.20385674931129477,0.334841628959276,44.0,13.0,57.0,0.0,0.0,1.0,0.7362680435180664,0.5468041896820068,7.0,11.0,18.0,57.0,2.1736231255350105,0.7520219812434608,8.818053573790642,0.0,,0.0,0.0,0.0,0.0
Spambase,1,no_hard_finetune_same_budget,"No hard fine-tune, same epoch budget",full,binary,3680,921,57,1,42001,8.0233302898705,BCEWithLogitsLoss,"{""label"": ""No hard fine-tune, same epoch budget"", ""scope_note"": ""removes hard-mask fine-tuning phases, not the thresholded complement used between stages""}",0.9163952225841476,0.8928571428571429,0.8953168044077136,0.8940852819807428,44.0,13.0,57.0,0.0,0.0,1.0,0.7362680435180664,0.5468041896820068,7.0,11.0,18.0,57.0,2.1736231255350105,0.7520219812434608,8.818053573790642,0.0,,0.0,0.0,0.0,0.0
Spambase,1,no_disjoint,No disjoint complementary routing,primary,binary,3680,921,57,1,42001,7.903329650871456,BCEWithLogitsLoss,"{""label"": ""No disjoint complementary routing""}",0.9239956568946797,0.9271137026239067,0.8760330578512396,0.9008498583569405,45.0,37.0,52.0,30.0,0.5769230769230769,0.42307692307692313,0.7094676494598389,0.5267515182495117,7.0,11.0,18.0,52.0,1.553842920692684,0.5375927475389259,4.733676674829374,0.6111111044883728,,0.6111111044883728,0.0,0.0,0.0
Spambase,1,no_disjoint,No disjoint complementary routing,complementary,binary,3680,921,57,1,42001,7.903329650871456,BCEWithLogitsLoss,"{""label"": ""No disjoint complementary routing""}",0.6188925081433225,0.5141509433962265,0.6005509641873278,0.554002541296061,45.0,37.0,52.0,30.0,0.5769230769230769,0.42307692307692313,0.7094676494598389,0.5267515182495117,7.0,11.0,18.0,52.0,2.587648087293395,0.8952647854657955,13.30447581433059,0.0,,0.0,0.0,0.0,0.0
Spambase,1,no_disjoint,No disjoint complementary routing,full,binary,3680,921,57,1,42001,7.903329650871456,BCEWithLogitsLoss,"{""label"": ""No disjoint complementary routing""}",0.9294245385450597,0.9232954545454546,0.8953168044077136,0.9090909090909091,45.0,37.0,52.0,30.0,0.5769230769230769,0.42307692307692313,0.7094676494598389,0.5267515182495117,7.0,11.0,18.0,52.0,2.587648087293395,0.8952647854657955,13.30447581433059,0.0,,0.0,0.0,0.0,0.0
Spambase,1,prod_firing,Product firing instead of HTSK,primary,binary,3680,921,57,1,42001,10.53962878137827,BCEWithLogitsLoss,"{""label"": ""Product firing instead of HTSK""}",0.9120521172638436,0.8938547486033519,0.8815426997245179,0.8876560332871013,52.0,5.0,57.0,0.0,0.0,1.0,0.8165311813354492,0.5148711204528809,7.0,11.0,18.0,57.0,1.067704750817963,0.3694004874769993,3.3129973288597165,0.6525287926197052,,0.6525287926197052,0.0,0.0,0.0
Spambase,1,prod_firing,Product firing instead of HTSK,complementary,binary,3680,921,57,1,42001,10.53962878137827,BCEWithLogitsLoss,"{""label"": ""Product firing instead of HTSK""}",0.6427795874049945,0.5333333333333333,0.7493112947658402,0.6231386025200458,52.0,5.0,57.0,0.0,0.0,1.0,0.8165311813354492,0.5148711204528809,7.0,11.0,18.0,57.0,1.8117903308350347,0.6268364280951689,6.475591975236949,0.05910935625433922,,0.05910935625433922,0.0,0.0,0.0
Spambase,1,prod_firing,Product firing instead of HTSK,full,binary,3680,921,57,1,42001,10.53962878137827,BCEWithLogitsLoss,"{""label"": ""Product firing instead of HTSK""}",0.9142236699239956,0.898876404494382,0.8815426997245179,0.8901251738525731,52.0,5.0,57.0,0.0,0.0,1.0,0.8165311813354492,0.5148711204528809,7.0,11.0,18.0,57.0,1.8117903308350347,0.6268364280951689,6.475591975236949,0.05910935625433922,,0.05910935625433922,0.0,0.0,0.0
Spambase,1,joint_training_same_budget,"Joint training, same epoch budget",primary,binary,3680,921,57,1,42001,12.369411027990282,BCEWithLogitsLoss,"{""joint_epochs"": 200, ""label"": ""Joint training, same epoch budget""}",0.7263843648208469,0.592964824120603,0.9752066115702479,0.7375,44.0,10.0,54.0,0.0,0.0,1.0,0.7652521729469299,0.5578129887580872,7.0,11.0,18.0,54.0,1.67967243186814,0.58112677054866,5.370040284176473,0.6111111044883728,,0.6111111044883728,0.0,0.0,0.0
Spambase,1,joint_training_same_budget,"Joint training, same epoch budget",complementary,binary,3680,921,57,1,42001,12.369411027990282,BCEWithLogitsLoss,"{""joint_epochs"": 200, ""label"": ""Joint training, same epoch budget""}",0.6178067318132465,0.6486486486486487,0.06611570247933884,0.12,44.0,10.0,54.0,0.0,0.0,1.0,0.7652521729469299,0.5578129887580872,7.0,11.0,18.0,54.0,2.4196531213455947,0.8371425156484598,11.262714144720187,0.0,,0.0,0.0,0.0,0.0
Spambase,1,joint_training_same_budget,"Joint training, same epoch budget",full,binary,3680,921,57,1,42001,12.369411027990282,BCEWithLogitsLoss,"{""joint_epochs"": 200, ""label"": ""Joint training, same epoch budget""}",0.8414766558089034,0.7333333333333333,0.9393939393939394,0.8236714975845411,44.0,10.0,54.0,0.0,0.0,1.0,0.7652521729469299,0.5578129887580872,7.0,11.0,18.0,54.0,2.4196531213455947,0.8371425156484598,11.262714144720187,0.0,,0.0,0.0,0.0,0.0
Spambase,1,dense_tsk_same_rules,"Dense TSK-ANFIS, same total rules/epochs",full,binary,3680,921,57,1,42001,5.613557634875178,BCEWithLogitsLoss,"{""dense_rules"": 18, ""epochs"": 200, ""label"": ""Dense TSK-ANFIS, same total rules/epochs""}",0.9315960912052117,0.9098360655737705,0.9173553719008265,0.9135802469135802,,,,,,,,,,,18.0,57.0,2.4384566246492465,0.8436480818819923,11.485105243231393,0.0,0.0,0.0,0.0,0.0,0.0
Spambase,2,full_grs,Full GRS-ANFIS,primary,binary,3681,920,57,1,42002,7.993147588334978,BCEWithLogitsLoss,"{""label"": ""Full GRS-ANFIS""}",0.9304347826086956,0.9095890410958904,0.9146005509641874,0.9120879120879121,39.0,18.0,57.0,0.0,0.0,1.0,0.6230448484420776,0.528229296207428,7.0,11.0,18.0,57.0,1.7303799162740292,0.5986703579516515,5.650232940134795,0.6111111044883728,,0.6111111044883728,0.0,0.0,0.0
Spambase,2,full_grs,Full GRS-ANFIS,complementary,binary,3681,920,57,1,42002,7.993147588334978,BCEWithLogitsLoss,"{""label"": ""Full GRS-ANFIS""}",0.7478260869565218,0.6824512534818942,0.6749311294765841,0.6786703601108033,39.0,18.0,57.0,0.0,0.0,1.0,0.6230448484420776,0.528229296207428,7.0,11.0,18.0,57.0,2.5275340209836545,0.8744667463328527,12.55695015658503,0.0,,0.0,0.0,0.0,0.0
Spambase,2,full_grs,Full GRS-ANFIS,full,binary,3681,920,57,1,42002,7.993147588334978,BCEWithLogitsLoss,"{""label"": ""Full GRS-ANFIS""}",0.9402173913043478,0.9230769230769231,0.9256198347107438,0.9243466299862448,39.0,18.0,57.0,0.0,0.0,1.0,0.6230448484420776,0.528229296207428,7.0,11.0,18.0,57.0,2.5275340209836545,0.8744667463328527,12.55695015658503,0.0,,0.0,0.0,0.0,0.0
Spambase,2,primary_only_same_budget,"Primary-only, same epoch budget",primary,binary,3681,920,57,1,42002,6.6134194964542985,BCEWithLogitsLoss,"{""label"": ""Primary-only, same epoch budget""}",0.9434782608695652,0.9481268011527377,0.90633608815427,0.9267605633802817,38.0,0.0,38.0,0.0,0.0,1.0,0.661440372467041,0.5,7.0,0.0,7.0,38.0,1.5658360575852186,0.5417420900386313,4.796722556456276,0.6111111044883728,,0.6111111044883728,0.0,0.0,0.0
Spambase,2,no_hard_finetune_same_budget,"No hard fine-tune, same epoch budget",primary,binary,3681,920,57,1,42002,8.057524191215634,BCEWithLogitsLoss,"{""label"": ""No hard fine-tune, same epoch budget"", ""scope_note"": ""removes hard-mask fine-tuning phases, not the thresholded complement used between stages""}",0.8858695652173914,0.7905405405405406,0.9669421487603306,0.8698884758364313,42.0,15.0,57.0,0.0,0.0,1.0,0.6857368350028992,0.5630590319633484,7.0,11.0,18.0,57.0,1.257832939469296,0.43518032551459646,3.531060090272323,0.6111111044883728,,0.6111111044883728,0.0,0.0,0.0
Spambase,2,no_hard_finetune_same_budget,"No hard fine-tune, same epoch budget",complementary,binary,3681,920,57,1,42002,8.057524191215634,BCEWithLogitsLoss,"{""label"": ""No hard fine-tune, same epoch budget"", ""scope_note"": ""removes hard-mask fine-tuning phases, not the thresholded complement used between stages""}",0.7326086956521739,0.8633540372670807,0.38292011019283745,0.5305343511450382,42.0,15.0,57.0,0.0,0.0,1.0,0.6857368350028992,0.5630590319633484,7.0,11.0,18.0,57.0,1.9062704570915388,0.659524305164814,6.741931120209072,0.0,,0.0,0.0,0.0,0.0
Spambase,2,no_hard_finetune_same_budget,"No hard fine-tune, same epoch budget",full,binary,3681,920,57,1,42002,8.057524191215634,BCEWithLogitsLoss,"{""label"": ""No hard fine-tune, same epoch budget"", ""scope_note"": ""removes hard-mask fine-tuning phases, not the thresholded complement used between stages""}",0.9326086956521739,0.9123287671232877,0.9173553719008265,0.9148351648351648,42.0,15.0,57.0,0.0,0.0,1.0,0.6857368350028992,0.5630590319633484,7.0,11.0,18.0,57.0,1.9062704570915388,0.659524305164814,6.741931120209072,0.0,,0.0,0.0,0.0,0.0
Spambase,2,no_disjoint,No disjoint complementary routing,primary,binary,3681,920,57,1,42002,7.792022992856801,BCEWithLogitsLoss,"{""label"": ""No disjoint complementary routing""}",0.9228260869565217,0.9269005847953217,0.8732782369146006,0.8992907801418439,34.0,30.0,54.0,10.0,0.18518518518518517,0.8148148148148149,0.5851905941963196,0.5037108063697815,7.0,11.0,18.0,54.0,1.5969185573899227,0.5524958968810413,4.95841703414917,0.6111111044883728,,0.6111111044883728,0.0,0.0,0.0
Spambase,2,no_disjoint,No disjoint complementary routing,complementary,binary,3681,920,57,1,42002,7.792022992856801,BCEWithLogitsLoss,"{""label"": ""No disjoint complementary routing""}",0.7065217391304348,0.5991471215351812,0.7741046831955923,0.6754807692307693,34.0,30.0,54.0,10.0,0.18518518518518517,0.8148148148148149,0.5851905941963196,0.5037108063697815,7.0,11.0,18.0,54.0,2.2690665657105655,0.7850431430598964,9.720295529261879,0.0,,0.0,0.0,0.0,0.0
Spambase,2,no_disjoint,No disjoint complementary routing,full,binary,3681,920,57,1,42002,7.792022992856801,BCEWithLogitsLoss,"{""label"": ""No disjoint complementary routing""}",0.9434782608695652,0.928374655647383,0.928374655647383,0.928374655647383,34.0,30.0,54.0,10.0,0.18518518518518517,0.8148148148148149,0.5851905941963196,0.5037108063697815,7.0,11.0,18.0,54.0,2.2690665657105655,0.7850431430598964,9.720295529261879,0.0,,0.0,0.0,0.0,0.0
Spambase,2,prod_firing,Product firing instead of HTSK,primary,binary,3681,920,57,1,42002,9.426765424199402,BCEWithLogitsLoss,"{""label"": ""Product firing instead of HTSK""}",0.9315217391304348,0.9010695187165776,0.928374655647383,0.9145183175033921,51.0,6.0,57.0,0.0,0.0,1.0,0.7904397249221802,0.5199225544929504,7.0,11.0,18.0,57.0,1.18978892522587,0.4116387122751161,3.6536540332047838,0.6411643624305725,,0.6411643624305725,0.0,0.0,0.0
Spambase,2,prod_firing,Product firing instead of HTSK,complementary,binary,3681,920,57,1,42002,9.426765424199402,BCEWithLogitsLoss,"{""label"": ""Product firing instead of HTSK""}",0.6521739130434783,0.6028708133971292,0.34710743801652894,0.4405594405594406,51.0,6.0,57.0,0.0,0.0,1.0,0.7904397249221802,0.5199225544929504,7.0,11.0,18.0,57.0,1.861436953108869,0.6440129794247379,6.796190833656684,0.06988910958170891,,0.06988910958170891,0.0,0.0,0.0
Spambase,2,prod_firing,Product firing instead of HTSK,full,binary,3681,920,57,1,42002,9.426765424199402,BCEWithLogitsLoss,"{""label"": ""Product firing instead of HTSK""}",0.9271739130434783,0.9065934065934066,0.9090909090909091,0.9078404401650619,51.0,6.0,57.0,0.0,0.0,1.0,0.7904397249221802,0.5199225544929504,7.0,11.0,18.0,57.0,1.861436953108869,0.6440129794247379,6.796190833656684,0.06988910958170891,,0.06988910958170891,0.0,0.0,0.0
Spambase,2,joint_training_same_budget,"Joint training, same epoch budget",primary,binary,3681,920,57,1,42002,12.60264878347516,BCEWithLogitsLoss,"{""joint_epochs"": 200, ""label"": ""Joint training, same epoch budget""}",0.7076086956521739,0.5762987012987013,0.977961432506887,0.7252298263534218,35.0,17.0,52.0,0.0,0.0,1.0,0.6044803857803345,0.662685751914978,7.0,11.0,18.0,52.0,1.4978674348281777,0.518226560626341,4.482042461633682,0.6111111044883728,,0.6111111044883728,0.0,0.0,0.0
Spambase,2,joint_training_same_budget,"Joint training, same epoch budget",complementary,binary,3681,920,57,1,42002,12.60264878347516,BCEWithLogitsLoss,"{""joint_epochs"": 200, ""label"": ""Joint training, same epoch budget""}",0.6858695652173913,0.6637168141592921,0.4132231404958678,0.5093378607809848,35.0,17.0,52.0,0.0,0.0,1.0,0.6044803857803345,0.662685751914978,7.0,11.0,18.0,52.0,2.529798269531001,0.8752501224694045,12.56786561426909,0.0,,0.0,0.0,0.0,0.0
Spambase,2,joint_training_same_budget,"Joint training, same epoch budget",full,binary,3681,920,57,1,42002,12.60264878347516,BCEWithLogitsLoss,"{""joint_epochs"": 200, ""label"": ""Joint training, same epoch budget""}",0.7695652173913043,0.6390423572744015,0.9559228650137741,0.7660044150110376,35.0,17.0,52.0,0.0,0.0,1.0,0.6044803857803345,0.662685751914978,7.0,11.0,18.0,52.0,2.529798269531001,0.8752501224694045,12.56786561426909,0.0,,0.0,0.0,0.0,0.0
Spambase,2,dense_tsk_same_rules,"Dense TSK-ANFIS, same total rules/epochs",full,binary,3681,920,57,1,42002,6.157054169103503,BCEWithLogitsLoss,"{""dense_rules"": 18, ""epochs"": 200, ""label"": ""Dense TSK-ANFIS, same total rules/epochs""}",0.9456521739130435,0.931129476584022,0.931129476584022,0.931129476584022,,,,,,,,,,,18.0,57.0,2.3959574818611147,0.8289443878375966,11.013329882207124,0.0,0.0,0.0,0.0,0.0,0.0
Spambase,3,full_grs,Full GRS-ANFIS,primary,binary,3681,920,57,1,42003,7.836797925643623,BCEWithLogitsLoss,"{""label"": ""Full GRS-ANFIS""}",0.9423913043478261,0.9015544041450777,0.9586776859504132,0.9292389853137517,38.0,17.0,55.0,0.0,0.0,1.0,0.6359222531318665,0.5420019626617432,7.0,11.0,18.0,55.0,1.6355304124562637,0.5658546814775985,5.137507082586703,0.6111111044883728,,0.6111111044883728,0.0,0.0,0.0
Spambase,3,full_grs,Full GRS-ANFIS,complementary,binary,3681,920,57,1,42003,7.836797925643623,BCEWithLogitsLoss,"{""label"": ""Full GRS-ANFIS""}",0.7282608695652174,0.6889632107023411,0.5674931129476584,0.622356495468278,38.0,17.0,55.0,0.0,0.0,1.0,0.6359222531318665,0.5420019626617432,7.0,11.0,18.0,55.0,2.600451101168342,0.8996943233453709,13.489211410024891,0.0,,0.0,0.0,0.0,0.0
Spambase,3,full_grs,Full GRS-ANFIS,full,binary,3681,920,57,1,42003,7.836797925643623,BCEWithLogitsLoss,"{""label"": ""Full GRS-ANFIS""}",0.9434782608695652,0.928374655647383,0.928374655647383,0.928374655647383,38.0,17.0,55.0,0.0,0.0,1.0,0.6359222531318665,0.5420019626617432,7.0,11.0,18.0,55.0,2.600451101168342,0.8996943233453709,13.489211410024891,0.0,,0.0,0.0,0.0,0.0
Spambase,3,primary_only_same_budget,"Primary-only, same epoch budget",primary,binary,3681,920,57,1,42003,6.549612280912697,BCEWithLogitsLoss,"{""label"": ""Primary-only, same epoch budget""}",0.9402173913043478,0.9117647058823529,0.9393939393939394,0.9253731343283582,49.0,0.0,49.0,0.0,0.0,1.0,0.7714476585388184,0.5,7.0,0.0,7.0,49.0,1.6882020662660184,0.5840778225142023,5.4151401105134385,0.6111111044883728,,0.6111111044883728,0.0,0.0,0.0
Spambase,3,no_hard_finetune_same_budget,"No hard fine-tune, same epoch budget",primary,binary,3681,920,57,1,42003,8.09279899019748,BCEWithLogitsLoss,"{""label"": ""No hard fine-tune, same epoch budget"", ""scope_note"": ""removes hard-mask fine-tuning phases, not the thresholded complement used between stages""}",0.883695652173913,0.9183006535947712,0.7741046831955923,0.8400597907324364,41.0,16.0,57.0,0.0,0.0,1.0,0.6889943480491638,0.5749134421348572,7.0,11.0,18.0,57.0,1.2811574232319127,0.4432500429775404,3.601996481936911,0.6111111044883728,,0.6111111044883728,0.0,0.0,0.0
Spambase,3,no_hard_finetune_same_budget,"No hard fine-tune, same epoch budget",complementary,binary,3681,920,57,1,42003,8.09279899019748,BCEWithLogitsLoss,"{""label"": ""No hard fine-tune, same epoch budget"", ""scope_note"": ""removes hard-mask fine-tuning phases, not the thresholded complement used between stages""}",0.533695652173913,0.4578005115089514,0.9862258953168044,0.6253275109170305,41.0,16.0,57.0,0.0,0.0,1.0,0.6889943480491638,0.5749134421348572,7.0,11.0,18.0,57.0,2.216414177029029,0.7668266681225403,9.188783658587415,0.0,,0.0,0.0,0.0,0.0
Spambase,3,no_hard_finetune_same_budget,"No hard fine-tune, same epoch budget",full,binary,3681,920,57,1,42003,8.09279899019748,BCEWithLogitsLoss,"{""label"": ""No hard fine-tune, same epoch budget"", ""scope_note"": ""removes hard-mask fine-tuning phases, not the thresholded complement used between stages""}",0.9391304347826087,0.9182561307901907,0.928374655647383,0.9232876712328767,41.0,16.0,57.0,0.0,0.0,1.0,0.6889943480491638,0.5749134421348572,7.0,11.0,18.0,57.0,2.216414177029029,0.7668266681225403,9.188783658587415,0.0,,0.0,0.0,0.0,0.0
Spambase,3,no_disjoint,No disjoint complementary routing,primary,binary,3681,920,57,1,42003,7.885547005571425,BCEWithLogitsLoss,"{""label"": ""No disjoint complementary routing""}",0.9228260869565217,0.8578431372549019,0.9641873278236914,0.9079118028534371,41.0,35.0,51.0,25.0,0.49019607843137253,0.5098039215686274,0.6689943075180054,0.5243198275566101,7.0,11.0,18.0,51.0,1.486337515582209,0.5142374813232733,4.431700700003168,0.6111111044883728,,0.6111111044883728,0.0,0.0,0.0
Spambase,3,no_disjoint,No disjoint complementary routing,complementary,binary,3681,920,57,1,42003,7.885547005571425,BCEWithLogitsLoss,"{""label"": ""No disjoint complementary routing""}",0.5271739130434783,0.3392857142857143,0.209366391184573,0.25894378194207834,41.0,35.0,51.0,25.0,0.49019607843137253,0.5098039215686274,0.6689943075180054,0.5243198275566101,7.0,11.0,18.0,51.0,2.5110099598117497,0.8687498136706974,12.331173908192179,0.0,,0.0,0.0,0.0,0.0
Spambase,3,no_disjoint,No disjoint complementary routing,full,binary,3681,920,57,1,42003,7.885547005571425,BCEWithLogitsLoss,"{""label"": ""No disjoint complementary routing""}",0.9489130434782609,0.9316939890710383,0.9393939393939394,0.9355281207133059,41.0,35.0,51.0,25.0,0.49019607843137253,0.5098039215686274,0.6689943075180054,0.5243198275566101,7.0,11.0,18.0,51.0,2.5110099598117497,0.8687498136706974,12.331173908192179,0.0,,0.0,0.0,0.0,0.0
Spambase,3,prod_firing,Product firing instead of HTSK,primary,binary,3681,920,57,1,42003,9.909667554311454,BCEWithLogitsLoss,"{""label"": ""Product firing instead of HTSK""}",0.9358695652173913,0.9086021505376344,0.931129476584022,0.9197278911564626,50.0,6.0,56.0,0.0,0.0,1.0,0.8102684617042542,0.5191245675086975,7.0,11.0,18.0,56.0,1.1058731863840576,0.3826058597167101,3.3906266655610957,0.6698154807090759,,0.6698154807090759,0.0,0.0,0.0
Spambase,3,prod_firing,Product firing instead of HTSK,complementary,binary,3681,920,57,1,42003,9.909667554311454,BCEWithLogitsLoss,"{""label"": ""Product firing instead of HTSK""}",0.6934782608695652,0.6121883656509696,0.6088154269972452,0.6104972375690608,50.0,6.0,56.0,0.0,0.0,1.0,0.8102684617042542,0.5191245675086975,7.0,11.0,18.0,56.0,1.8084725842524147,0.6256885649678529,6.4049905569657035,0.09718392416834831,,0.09718392416834831,0.0,0.0,0.0
Spambase,3,prod_firing,Product firing instead of HTSK,full,binary,3681,920,57,1,42003,9.909667554311454,BCEWithLogitsLoss,"{""label"": ""Product firing instead of HTSK""}",0.9402173913043478,0.9139784946236559,0.9366391184573003,0.9251700680272109,50.0,6.0,56.0,0.0,0.0,1.0,0.8102684617042542,0.5191245675086975,7.0,11.0,18.0,56.0,1.8084725842524147,0.6256885649678529,6.4049905569657035,0.09718392416834831,,0.09718392416834831,0.0,0.0,0.0
Spambase,3,joint_training_same_budget,"Joint training, same epoch budget",primary,binary,3681,920,57,1,42003,12.465834779664874,BCEWithLogitsLoss,"{""joint_epochs"": 200, ""label"": ""Joint training, same epoch budget""}",0.8521739130434782,0.7430406852248393,0.9559228650137741,0.8361445783132531,37.0,15.0,52.0,0.0,0.0,1.0,0.6511428356170654,0.6132287979125977,7.0,11.0,18.0,52.0,1.1879615674848143,0.4110064901735472,3.289260934487633,0.6111111044883728,,0.6111111044883728,0.0,0.0,0.0
Spambase,3,joint_training_same_budget,"Joint training, same epoch budget",complementary,binary,3681,920,57,1,42003,12.465834779664874,BCEWithLogitsLoss,"{""joint_epochs"": 200, ""label"": ""Joint training, same epoch budget""}",0.6869565217391305,0.7388535031847133,0.31955922865013775,0.4461538461538462,37.0,15.0,52.0,0.0,0.0,1.0,0.6511428356170654,0.6132287979125977,7.0,11.0,18.0,52.0,2.261253356156142,0.7823399602718976,9.643388275996498,0.0,,0.0,0.0,0.0,0.0
Spambase,3,joint_training_same_budget,"Joint training, same epoch budget",full,binary,3681,920,57,1,42003,12.465834779664874,BCEWithLogitsLoss,"{""joint_epochs"": 200, ""label"": ""Joint training, same epoch budget""}",0.8826086956521739,0.8783382789317508,0.8154269972451791,0.8457142857142858,37.0,15.0,52.0,0.0,0.0,1.0,0.6511428356170654,0.6132287979125977,7.0,11.0,18.0,52.0,2.261253356156142,0.7823399602718976,9.643388275996498,0.0,,0.0,0.0,0.0,0.0
Spambase,3,dense_tsk_same_rules,"Dense TSK-ANFIS, same total rules/epochs",full,binary,3681,920,57,1,42003,6.253460446372628,BCEWithLogitsLoss,"{""dense_rules"": 18, ""epochs"": 200, ""label"": ""Dense TSK-ANFIS, same total rules/epochs""}",0.9445652173913044,0.9382022471910112,0.9201101928374655,0.9290681502086231,,,,,,,,,,,18.0,57.0,2.476099780590638,0.8566717207431793,11.901779090839884,0.0,0.0,0.0,0.0,0.0,0.0
Spambase,4,full_grs,Full GRS-ANFIS,primary,binary,3681,920,57,1,42004,8.159795026294887,BCEWithLogitsLoss,"{""label"": ""Full GRS-ANFIS""}",0.9282608695652174,0.887434554973822,0.93646408839779,0.9112903225806451,42.0,14.0,56.0,0.0,0.0,1.0,0.6854617595672607,0.5247954726219177,7.0,11.0,18.0,56.0,1.6999390872924225,0.5881385534353878,5.484784836872764,0.6111111044883728,,0.6111111044883728,0.0,0.0,0.0
Spambase,4,full_grs,Full GRS-ANFIS,complementary,binary,3681,920,57,1,42004,8.159795026294887,BCEWithLogitsLoss,"{""label"": ""Full GRS-ANFIS""}",0.6347826086956522,0.6181818181818182,0.1878453038674033,0.288135593220339,42.0,14.0,56.0,0.0,0.0,1.0,0.6854617595672607,0.5247954726219177,7.0,11.0,18.0,56.0,2.6247851099656976,0.9081133131747661,13.818197549944339,0.0,,0.0,0.0,0.0,0.0
Spambase,4,full_grs,Full GRS-ANFIS,full,binary,3681,920,57,1,42004,8.159795026294887,BCEWithLogitsLoss,"{""label"": ""Full GRS-ANFIS""}",0.9326086956521739,0.9189944134078212,0.9088397790055248,0.9138888888888889,42.0,14.0,56.0,0.0,0.0,1.0,0.6854617595672607,0.5247954726219177,7.0,11.0,18.0,56.0,2.6247851099656976,0.9081133131747661,13.818197549944339,0.0,,0.0,0.0,0.0,0.0
Spambase,4,primary_only_same_budget,"Primary-only, same epoch budget",primary,binary,3681,920,57,1,42004,6.529838677495718,BCEWithLogitsLoss,"{""label"": ""Primary-only, same epoch budget""}",0.9293478260869565,0.9304347826086956,0.8867403314917127,0.9080622347949081,35.0,0.0,35.0,0.0,0.0,1.0,0.6157395243644714,0.5,7.0,0.0,7.0,35.0,1.465985624945682,0.5071962103571581,4.341329880382704,0.6111111044883728,,0.6111111044883728,0.0,0.0,0.0
Spambase,4,no_hard_finetune_same_budget,"No hard fine-tune, same epoch budget",primary,binary,3681,920,57,1,42004,8.257249959744513,BCEWithLogitsLoss,"{""label"": ""No hard fine-tune, same epoch budget"", ""scope_note"": ""removes hard-mask fine-tuning phases, not the thresholded complement used between stages""}",0.9369565217391305,0.9318181818181818,0.9060773480662984,0.9187675070028011,46.0,10.0,56.0,0.0,0.0,1.0,0.7548098564147949,0.5273187756538391,7.0,11.0,18.0,56.0,1.4582925105872362,0.5045345762501592,4.310194683852403,0.6111111044883728,,0.6111111044883728,0.0,0.0,0.0
Spambase,4,no_hard_finetune_same_budget,"No hard fine-tune, same epoch budget",complementary,binary,3681,920,57,1,42004,8.257249959744513,BCEWithLogitsLoss,"{""label"": ""No hard fine-tune, same epoch budget"", ""scope_note"": ""removes hard-mask fine-tuning phases, not the thresholded complement used between stages""}",0.46847826086956523,0.36853002070393376,0.49171270718232046,0.421301775147929,46.0,10.0,56.0,0.0,0.0,1.0,0.7548098564147949,0.5273187756538391,7.0,11.0,18.0,56.0,2.400416142007579,0.8304869787200637,11.046805554887523,0.0,,0.0,0.0,0.0,0.0
Spambase,4,no_hard_finetune_same_budget,"No hard fine-tune, same epoch budget",full,binary,3681,920,57,1,42004,8.257249959744513,BCEWithLogitsLoss,"{""label"": ""No hard fine-tune, same epoch budget"", ""scope_note"": ""removes hard-mask fine-tuning phases, not the thresholded complement used between stages""}",0.9293478260869565,0.9304347826086956,0.8867403314917127,0.9080622347949081,46.0,10.0,56.0,0.0,0.0,1.0,0.7548098564147949,0.5273187756538391,7.0,11.0,18.0,56.0,2.400416142007579,0.8304869787200637,11.046805554887523,0.0,,0.0,0.0,0.0,0.0
Spambase,4,no_disjoint,No disjoint complementary routing,primary,binary,3681,920,57,1,42004,8.075732292607427,BCEWithLogitsLoss,"{""label"": ""No disjoint complementary routing""}",0.925,0.9271137026239067,0.8784530386740331,0.902127659574468,35.0,29.0,53.0,11.0,0.20754716981132076,0.7924528301886793,0.6093862056732178,0.5032393932342529,7.0,11.0,18.0,53.0,1.184865329641363,0.4099352647752865,3.2744174143542413,0.6111111044883728,,0.6111111044883728,0.0,0.0,0.0
Spambase,4,no_disjoint,No disjoint complementary routing,complementary,binary,3681,920,57,1,42004,8.075732292607427,BCEWithLogitsLoss,"{""label"": ""No disjoint complementary routing""}",0.7804347826086957,0.6895734597156398,0.8038674033149171,0.7423469387755102,35.0,29.0,53.0,11.0,0.20754716981132076,0.7924528301886793,0.6093862056732178,0.5032393932342529,7.0,11.0,18.0,53.0,2.238614428820817,0.7745074285113294,9.39919122768485,0.0,,0.0,0.0,0.0,0.0
Spambase,4,no_disjoint,No disjoint complementary routing,full,binary,3681,920,57,1,42004,8.075732292607427,BCEWithLogitsLoss,"{""label"": ""No disjoint complementary routing""}",0.9369565217391305,0.9367816091954023,0.9005524861878453,0.9183098591549296,35.0,29.0,53.0,11.0,0.20754716981132076,0.7924528301886793,0.6093862056732178,0.5032393932342529,7.0,11.0,18.0,53.0,2.238614428820817,0.7745074285113294,9.39919122768485,0.0,,0.0,0.0,0.0,0.0
Spambase,4,prod_firing,Product firing instead of HTSK,primary,binary,3681,920,57,1,42004,9.676555912010372,BCEWithLogitsLoss,"{""label"": ""Product firing instead of HTSK""}",0.9163043478260869,0.9178885630498533,0.8646408839779005,0.8904694167852063,52.0,4.0,56.0,0.0,0.0,1.0,0.8000766634941101,0.5108514428138733,7.0,11.0,18.0,56.0,1.0393876569715303,0.3596034444796486,3.1668554613123767,0.6575850546360016,,0.6575850546360016,0.0,0.0,0.0
Spambase,4,prod_firing,Product firing instead of HTSK,complementary,binary,3681,920,57,1,42004,9.676555912010372,BCEWithLogitsLoss,"{""label"": ""Product firing instead of HTSK""}",0.6293478260869565,0.5182608695652174,0.8232044198895028,0.6360725720384205,52.0,4.0,56.0,0.0,0.0,1.0,0.8000766634941101,0.5108514428138733,7.0,11.0,18.0,56.0,2.0520560546413713,0.7099626594587513,8.15957875420218,0.06016390956938267,,0.06016390956938267,0.0,0.0,0.0
Spambase,4,prod_firing,Product firing instead of HTSK,full,binary,3681,920,57,1,42004,9.676555912010372,BCEWithLogitsLoss,"{""label"": ""Product firing instead of HTSK""}",0.9152173913043479,0.9127906976744186,0.8674033149171271,0.8895184135977338,52.0,4.0,56.0,0.0,0.0,1.0,0.8000766634941101,0.5108514428138733,7.0,11.0,18.0,56.0,2.0520560546413713,0.7099626594587513,8.15957875420218,0.06016390956938267,,0.06016390956938267,0.0,0.0,0.0
Spambase,4,joint_training_same_budget,"Joint training, same epoch budget",primary,binary,3681,920,57,1,42004,11.984455823898315,BCEWithLogitsLoss,"{""joint_epochs"": 200, ""label"": ""Joint training, same epoch budget""}",0.8793478260869565,0.8114143920595533,0.9033149171270718,0.8549019607843137,40.0,14.0,54.0,0.0,0.0,1.0,0.6746275424957275,0.6280096769332886,7.0,11.0,18.0,54.0,1.2806256750355596,0.443066070617541,3.6019645105237545,0.6111111044883728,,0.6111111044883728,0.0,0.0,0.0
Spambase,4,joint_training_same_budget,"Joint training, same epoch budget",complementary,binary,3681,920,57,1,42004,11.984455823898315,BCEWithLogitsLoss,"{""joint_epochs"": 200, ""label"": ""Joint training, same epoch budget""}",0.6260869565217392,0.6551724137931034,0.10497237569060773,0.18095238095238095,40.0,14.0,54.0,0.0,0.0,1.0,0.6746275424957275,0.6280096769332886,7.0,11.0,18.0,54.0,2.365158442310665,0.8182886511087417,10.656092476844787,0.0,,0.0,0.0,0.0,0.0
Spambase,4,joint_training_same_budget,"Joint training, same epoch budget",full,binary,3681,920,57,1,42004,11.984455823898315,BCEWithLogitsLoss,"{""joint_epochs"": 200, ""label"": ""Joint training, same epoch budget""}",0.9,0.921875,0.8149171270718232,0.8651026392961877,40.0,14.0,54.0,0.0,0.0,1.0,0.6746275424957275,0.6280096769332886,7.0,11.0,18.0,54.0,2.365158442310665,0.8182886511087417,10.656092476844787,0.0,,0.0,0.0,0.0,0.0
Spambase,4,dense_tsk_same_rules,"Dense TSK-ANFIS, same total rules/epochs",full,binary,3681,920,57,1,42004,5.589928418397903,BCEWithLogitsLoss,"{""dense_rules"": 18, ""epochs"": 200, ""label"": ""Dense TSK-ANFIS, same total rules/epochs""}",0.9434782608695652,0.9428571428571428,0.9116022099447514,0.9269662921348315,,,,,,,,,,,18.0,57.0,2.5944666712180426,0.8976238524136336,13.42733549138774,0.0,0.0,0.0,0.0,0.0,0.0
Spambase,5,full_grs,Full GRS-ANFIS,primary,binary,3681,920,57,1,42005,8.17588393483311,BCEWithLogitsLoss,"{""label"": ""Full GRS-ANFIS""}",0.9293478260869565,0.9406528189910979,0.8756906077348067,0.9070100143061517,46.0,9.0,55.0,0.0,0.0,1.0,0.6987111568450928,0.5232420563697815,7.0,11.0,18.0,55.0,1.5401319455841314,0.5328490772001121,4.676055927639422,0.6111111044883728,,0.6111111044883728,0.0,0.0,0.0
Spambase,5,full_grs,Full GRS-ANFIS,complementary,binary,3681,920,57,1,42005,8.17588393483311,BCEWithLogitsLoss,"{""label"": ""Full GRS-ANFIS""}",0.3869565217391304,0.3814553990610329,0.8977900552486188,0.5354200988467874,46.0,9.0,55.0,0.0,0.0,1.0,0.6987111568450928,0.5232420563697815,7.0,11.0,18.0,55.0,2.44171542758527,0.8447755497434865,11.531766047685043,0.0,,0.0,0.0,0.0,0.0
Spambase,5,full_grs,Full GRS-ANFIS,full,binary,3681,920,57,1,42005,8.17588393483311,BCEWithLogitsLoss,"{""label"": ""Full GRS-ANFIS""}",0.9326086956521739,0.9310344827586207,0.8950276243093923,0.9126760563380282,46.0,9.0,55.0,0.0,0.0,1.0,0.6987111568450928,0.5232420563697815,7.0,11.0,18.0,55.0,2.44171542758527,0.8447755497434865,11.531766047685043,0.0,,0.0,0.0,0.0,0.0
Spambase,5,primary_only_same_budget,"Primary-only, same epoch budget",primary,binary,3681,920,57,1,42005,6.615726177580655,BCEWithLogitsLoss,"{""label"": ""Primary-only, same epoch budget""}",0.9326086956521739,0.9213483146067416,0.9060773480662984,0.9136490250696379,48.0,0.0,48.0,0.0,0.0,1.0,0.7661662101745605,0.5,7.0,0.0,7.0,48.0,1.5867084275121275,0.5489634327266527,4.894470343900763,0.6111111044883728,,0.6111111044883728,0.0,0.0,0.0
Spambase,5,no_hard_finetune_same_budget,"No hard fine-tune, same epoch budget",primary,binary,3681,920,57,1,42005,8.232350737787783,BCEWithLogitsLoss,"{""label"": ""No hard fine-tune, same epoch budget"", ""scope_note"": ""removes hard-mask fine-tuning phases, not the thresholded complement used between stages""}",0.9271739130434783,0.9226361031518625,0.8895027624309392,0.9057665260196905,46.0,11.0,57.0,0.0,0.0,1.0,0.7353362441062927,0.5490552186965942,7.0,11.0,18.0,57.0,1.5488891065120698,0.5358788467295792,4.727360546070597,0.6111111044883728,,0.6111111044883728,0.0,0.0,0.0
Spambase,5,no_hard_finetune_same_budget,"No hard fine-tune, same epoch budget",complementary,binary,3681,920,57,1,42005,8.232350737787783,BCEWithLogitsLoss,"{""label"": ""No hard fine-tune, same epoch budget"", ""scope_note"": ""removes hard-mask fine-tuning phases, not the thresholded complement used between stages""}",0.3347826086956522,0.29707792207792205,0.505524861878453,0.37423312883435583,46.0,11.0,57.0,0.0,0.0,1.0,0.7353362441062927,0.5490552186965942,7.0,11.0,18.0,57.0,2.3946455566779425,0.8284904930254687,10.988248396956402,0.0,,0.0,0.0,0.0,0.0
Spambase,5,no_hard_finetune_same_budget,"No hard fine-tune, same epoch budget",full,binary,3681,920,57,1,42005,8.232350737787783,BCEWithLogitsLoss,"{""label"": ""No hard fine-tune, same epoch budget"", ""scope_note"": ""removes hard-mask fine-tuning phases, not the thresholded complement used between stages""}",0.9293478260869565,0.9206798866855525,0.8977900552486188,0.9090909090909091,46.0,11.0,57.0,0.0,0.0,1.0,0.7353362441062927,0.5490552186965942,7.0,11.0,18.0,57.0,2.3946455566779425,0.8284904930254687,10.988248396956402,0.0,,0.0,0.0,0.0,0.0
Spambase,5,no_disjoint,No disjoint complementary routing,primary,binary,3681,920,57,1,42005,7.982330582104623,BCEWithLogitsLoss,"{""label"": ""No disjoint complementary routing""}",0.9293478260869565,0.9406528189910979,0.8756906077348067,0.9070100143061517,37.0,32.0,52.0,17.0,0.3269230769230769,0.6730769230769231,0.62530916929245,0.49224036931991577,7.0,11.0,18.0,52.0,1.1858520117142926,0.4102766334362652,3.288993161139281,0.6111111044883728,,0.6111111044883728,0.0,0.0,0.0
Spambase,5,no_disjoint,No disjoint complementary routing,complementary,binary,3681,920,57,1,42005,7.982330582104623,BCEWithLogitsLoss,"{""label"": ""No disjoint complementary routing""}",0.558695652173913,0.4525862068965517,0.580110497237569,0.5084745762711864,37.0,32.0,52.0,17.0,0.3269230769230769,0.6730769230769231,0.62530916929245,0.49224036931991577,7.0,11.0,18.0,52.0,2.3215135346288265,0.8031885499539583,10.208944745685743,0.0,,0.0,0.0,0.0,0.0
Spambase,5,no_disjoint,No disjoint complementary routing,full,binary,3681,920,57,1,42005,7.982330582104623,BCEWithLogitsLoss,"{""label"": ""No disjoint complementary routing""}",0.933695652173913,0.9312320916905444,0.8977900552486188,0.9142053445850914,37.0,32.0,52.0,17.0,0.3269230769230769,0.6730769230769231,0.62530916929245,0.49224036931991577,7.0,11.0,18.0,52.0,2.3215135346288265,0.8031885499539583,10.208944745685743,0.0,,0.0,0.0,0.0,0.0
Spambase,5,prod_firing,Product firing instead of HTSK,primary,binary,3681,920,57,1,42005,9.739340364001691,BCEWithLogitsLoss,"{""label"": ""Product firing instead of HTSK""}",0.9163043478260869,0.9036827195467422,0.8812154696132597,0.8923076923076924,53.0,3.0,56.0,0.0,0.0,1.0,0.8088731169700623,0.5038235783576965,7.0,11.0,18.0,56.0,0.8871647509213393,0.3069379346234287,2.732846089808837,0.6488587558269501,,0.6488587558269501,0.0,0.0,0.0
Spambase,5,prod_firing,Product firing instead of HTSK,complementary,binary,3681,920,57,1,42005,9.739340364001691,BCEWithLogitsLoss,"{""label"": ""Product firing instead of HTSK""}",0.35434782608695653,0.35279187817258884,0.7679558011049724,0.4834782608695652,53.0,3.0,56.0,0.0,0.0,1.0,0.8088731169700623,0.5038235783576965,7.0,11.0,18.0,56.0,2.222507146972677,0.7689346906445597,9.573482597133388,0.04294002801179886,,0.04294002801179886,0.0,0.0,0.0
Spambase,5,prod_firing,Product firing instead of HTSK,full,binary,3681,920,57,1,42005,9.739340364001691,BCEWithLogitsLoss,"{""label"": ""Product firing instead of HTSK""}",0.9130434782608695,0.8938547486033519,0.8839779005524862,0.8888888888888888,53.0,3.0,56.0,0.0,0.0,1.0,0.8088731169700623,0.5038235783576965,7.0,11.0,18.0,56.0,2.222507146972677,0.7689346906445597,9.573482597133388,0.04294002801179886,,0.04294002801179886,0.0,0.0,0.0
Spambase,5,joint_training_same_budget,"Joint training, same epoch budget",primary,binary,3681,920,57,1,42005,12.398238217458129,BCEWithLogitsLoss,"{""joint_epochs"": 200, ""label"": ""Joint training, same epoch budget""}",0.866304347826087,0.7637969094922737,0.9558011049723757,0.849079754601227,41.0,12.0,53.0,0.0,0.0,1.0,0.7059104442596436,0.6168460249900818,7.0,11.0,18.0,53.0,1.4857450866180917,0.514032516013021,4.434822211576544,0.6111111044883728,,0.6111111044883728,0.0,0.0,0.0
Spambase,5,joint_training_same_budget,"Joint training, same epoch budget",complementary,binary,3681,920,57,1,42005,12.398238217458129,BCEWithLogitsLoss,"{""joint_epochs"": 200, ""label"": ""Joint training, same epoch budget""}",0.6445652173913043,0.6356589147286822,0.2265193370165746,0.3340122199592668,41.0,12.0,53.0,0.0,0.0,1.0,0.7059104442596436,0.6168460249900818,7.0,11.0,18.0,53.0,2.450843396394149,0.8479336114681285,11.635175696663234,0.0,,0.0,0.0,0.0,0.0
Spambase,5,joint_training_same_budget,"Joint training, same epoch budget",full,binary,3681,920,57,1,42005,12.398238217458129,BCEWithLogitsLoss,"{""joint_epochs"": 200, ""label"": ""Joint training, same epoch budget""}",0.8913043478260869,0.8324873096446701,0.9060773480662984,0.8677248677248677,41.0,12.0,53.0,0.0,0.0,1.0,0.7059104442596436,0.6168460249900818,7.0,11.0,18.0,53.0,2.450843396394149,0.8479336114681285,11.635175696663234,0.0,,0.0,0.0,0.0,0.0
Spambase,5,dense_tsk_same_rules,"Dense TSK-ANFIS, same total rules/epochs",full,binary,3681,920,57,1,42005,6.235578924417496,BCEWithLogitsLoss,"{""dense_rules"": 18, ""epochs"": 200, ""label"": ""Dense TSK-ANFIS, same total rules/epochs""}",0.9434782608695652,0.9329608938547486,0.9226519337016574,0.9277777777777778,,,,,,,,,,,18.0,57.0,2.416668838262558,0.8361100245429122,11.22262859551803,0.0,0.0,0.0,0.0,0.0,0.0
