dataset,fold,variant,variant_label,epoch_global,stage,stage_boundary_marker,train_total_loss,train_pred_loss,val_loss,val_acc,val_f1,primary_selected,comp_selected,mask_overlap,rule_count,seed,n_train,n_val,n_features,n_outputs,task_kind,elapsed_seconds
Gisette,1,sequential_freeze,Sequential freeze: primary then complementary,1,Stage1 soft,Stage1 soft,0.3516044948498408,0.3466068615516027,0.16373681982358296,0.9483333333333334,0.9484193011647255,2260.0,2740.0,0.0,18.0,42001,4800,1200,5000,1,binary,0.7808371856808662
Gisette,1,sequential_freeze,Sequential freeze: primary then complementary,2,Stage1 soft,,0.08487447400887807,0.07987705543637276,0.13161135385433834,0.9625,0.9623430962343096,2190.0,2810.0,0.0,18.0,42001,4800,1200,5000,1,binary,1.6192146642133594
Gisette,1,sequential_freeze,Sequential freeze: primary then complementary,3,Stage1 soft,,0.04826634416977565,0.0432651790479819,0.1495877535144488,0.9616666666666667,0.9612141652613828,2223.0,2777.0,0.0,18.0,42001,4800,1200,5000,1,binary,2.4569423589855433
Gisette,1,sequential_freeze,Sequential freeze: primary then complementary,4,Stage1 soft,,0.02854068174958229,0.023533549830317496,0.15808054327964782,0.9616666666666667,0.9612794612794613,2254.0,2746.0,0.0,18.0,42001,4800,1200,5000,1,binary,3.2909793946892023
Gisette,1,sequential_freeze,Sequential freeze: primary then complementary,5,Stage1 soft,,0.018712086925903957,0.013698392050961654,0.18110113978385925,0.9566666666666667,0.9565217391304348,2231.0,2769.0,0.0,18.0,42001,4800,1200,5000,1,binary,4.164893560111523
Gisette,1,sequential_freeze,Sequential freeze: primary then complementary,6,Stage1 soft,,0.013833485494057338,0.008812487324078877,0.19134187708298364,0.955,0.9548494983277592,2290.0,2710.0,0.0,18.0,42001,4800,1200,5000,1,binary,4.942744368687272
Gisette,1,sequential_freeze,Sequential freeze: primary then complementary,7,Stage1 soft,,0.011324237162868182,0.0062961860621968905,0.17653474628925322,0.955,0.9546979865771812,2391.0,2609.0,0.0,18.0,42001,4800,1200,5000,1,binary,5.717718188650906
Gisette,1,sequential_freeze,Sequential freeze: primary then complementary,8,Stage1 soft,,0.010141885032256444,0.005108219801137845,0.16687764038642247,0.9625,0.9622166246851386,2462.0,2538.0,0.0,18.0,42001,4800,1200,5000,1,binary,6.613317399285734
Gisette,1,sequential_freeze,Sequential freeze: primary then complementary,9,Stage1 soft,,0.00940897102157275,0.004371465376267831,0.1654793585340182,0.9625,0.9621530698065601,2530.0,2470.0,0.0,18.0,42001,4800,1200,5000,1,binary,7.339409762062132
Gisette,1,sequential_freeze,Sequential freeze: primary then complementary,10,Stage1 soft,,0.00894615647693475,0.0039068353859086835,0.1604311575492223,0.9625,0.9622166246851386,2561.0,2439.0,0.0,18.0,42001,4800,1200,5000,1,binary,8.135137790814042
Gisette,1,sequential_freeze,Sequential freeze: primary then complementary,11,Stage1 soft,,0.008601765558123588,0.0035622133780270817,0.14949793805678685,0.9675,0.9673093042749371,2578.0,2422.0,0.0,18.0,42001,4800,1200,5000,1,binary,9.006775358691812
Gisette,1,sequential_freeze,Sequential freeze: primary then complementary,12,Stage1 soft,,0.008410477079451084,0.0033718661001573007,0.15389270434776942,0.9675,0.9673640167364017,2548.0,2452.0,0.0,18.0,42001,4800,1200,5000,1,binary,9.89046229235828
Gisette,1,sequential_freeze,Sequential freeze: primary then complementary,13,Stage1 soft,,0.008276044142742951,0.003239028795311848,0.16117528796195985,0.9666666666666667,0.9664429530201343,2524.0,2476.0,0.0,18.0,42001,4800,1200,5000,1,binary,10.764676031656563
Gisette,1,sequential_freeze,Sequential freeze: primary then complementary,14,Stage1 soft,,0.008200152218341828,0.003165037327756484,0.15665081029136976,0.9716666666666667,0.9714285714285714,2499.0,2501.0,0.0,18.0,42001,4800,1200,5000,1,binary,11.629460822790861
Gisette,1,sequential_freeze,Sequential freeze: primary then complementary,15,Stage1 soft,,0.008155192732810974,0.003122134953737259,0.15424216772119204,0.97,0.9697478991596639,2499.0,2501.0,0.0,18.0,42001,4800,1200,5000,1,binary,12.630727984942496
Gisette,1,sequential_freeze,Sequential freeze: primary then complementary,16,Stage1 soft,,0.008127967789769174,0.003096894531821211,0.15386318703492483,0.9725,0.9721988205560236,2452.0,2548.0,0.0,18.0,42001,4800,1200,5000,1,binary,13.566825439222157
Gisette,1,sequential_freeze,Sequential freeze: primary then complementary,17,Stage1 soft,,0.008120447161297003,0.003091150481874744,0.1521512662867705,0.9725,0.9722921914357683,2421.0,2579.0,0.0,18.0,42001,4800,1200,5000,1,binary,14.375355901196599
Gisette,1,sequential_freeze,Sequential freeze: primary then complementary,18,Stage1 soft,,0.008112967436512311,0.0030852202232927086,0.1498484339316686,0.9725,0.9722921914357683,2403.0,2597.0,0.0,18.0,42001,4800,1200,5000,1,binary,15.182606966234744
Gisette,1,sequential_freeze,Sequential freeze: primary then complementary,19,Stage1 soft,,0.008109925985336304,0.003083514515310526,0.14930806453029313,0.97,0.9698996655518395,2407.0,2593.0,0.0,18.0,42001,4800,1200,5000,1,binary,16.058703542687
Gisette,1,sequential_freeze,Sequential freeze: primary then complementary,20,Stage1 soft,,0.00811172919968764,0.003086430067196488,0.14814969246586163,0.9708333333333333,0.9706621961441744,2397.0,2603.0,0.0,18.0,42001,4800,1200,5000,1,binary,16.869366701692343
Gisette,1,sequential_freeze,Sequential freeze: primary then complementary,21,Stage1 soft,,0.008112389010687669,0.0030880466227730117,0.14442970260977744,0.9708333333333333,0.9706621961441744,2397.0,2603.0,0.0,18.0,42001,4800,1200,5000,1,binary,17.63949957396835
Gisette,1,sequential_freeze,Sequential freeze: primary then complementary,22,Stage1 soft,,0.008108978507419427,0.003085432310278217,0.14060600688060124,0.9733333333333334,0.973109243697479,2413.0,2587.0,0.0,18.0,42001,4800,1200,5000,1,binary,18.503815246745944
Gisette,1,sequential_freeze,Sequential freeze: primary then complementary,23,Stage1 soft,,0.008104772033790748,0.003081877703468005,0.13526326343417167,0.9733333333333334,0.9731543624161074,2397.0,2603.0,0.0,18.0,42001,4800,1200,5000,1,binary,19.290593169629574
Gisette,1,sequential_freeze,Sequential freeze: primary then complementary,24,Stage1 soft,,0.008103634690244993,0.0030813563149422406,0.13036732017993927,0.9716666666666667,0.9714765100671141,2380.0,2620.0,0.0,18.0,42001,4800,1200,5000,1,binary,19.998309183865786
Gisette,1,sequential_freeze,Sequential freeze: primary then complementary,25,Stage1 soft,,0.008107091560959815,0.003085359325632453,0.12887230376402536,0.9733333333333334,0.973109243697479,2386.0,2614.0,0.0,18.0,42001,4800,1200,5000,1,binary,20.83380469214171
Gisette,1,sequential_freeze,Sequential freeze: primary then complementary,26,Stage1 soft,,0.008117318165798982,0.0030959988789012035,0.1287849260866642,0.9733333333333334,0.9730639730639731,2394.0,2606.0,0.0,18.0,42001,4800,1200,5000,1,binary,21.698865856043994
Gisette,1,sequential_freeze,Sequential freeze: primary then complementary,27,Stage1 soft,,0.008113805688917636,0.003092777837688724,0.12829934532443682,0.9725,0.9722921914357683,2393.0,2607.0,0.0,18.0,42001,4800,1200,5000,1,binary,22.544281733222306
Gisette,1,sequential_freeze,Sequential freeze: primary then complementary,28,Stage1 soft,,0.008118955170114834,0.003098181284343203,0.12496323640147845,0.9725,0.972338642078793,2403.0,2597.0,0.0,18.0,42001,4800,1200,5000,1,binary,23.344957971945405
Gisette,1,sequential_freeze,Sequential freeze: primary then complementary,29,Stage1 soft,,0.008116840993364653,0.003096180222928524,0.12653453891475996,0.9741666666666666,0.9740150880134115,2402.0,2598.0,0.0,18.0,42001,4800,1200,5000,1,binary,24.134088098071516
Gisette,1,sequential_freeze,Sequential freeze: primary then complementary,30,Stage1 soft,,0.008110473789274692,0.003089858389769991,0.12809642821550368,0.9725,0.9722921914357683,2396.0,2604.0,0.0,18.0,42001,4800,1200,5000,1,binary,24.944315884262323
Gisette,1,sequential_freeze,Sequential freeze: primary then complementary,31,Primary hard,Primary hard,0.001594330354904135,0.001594330354904135,0.10584248033662637,0.97,0.9697478991596639,2396.0,2604.0,0.0,18.0,42001,4800,1200,5000,1,binary,25.72926836181432
Gisette,1,sequential_freeze,Sequential freeze: primary then complementary,32,Primary hard,,0.0019425704097375273,0.0019425704097375273,0.10342823406060536,0.9675,0.9674728940783986,2396.0,2604.0,0.0,18.0,42001,4800,1200,5000,1,binary,26.63569676503539
Gisette,1,sequential_freeze,Sequential freeze: primary then complementary,33,Primary hard,,0.0021802410949021576,0.0021802410949021576,0.09984656438231468,0.9716666666666667,0.9715242881072027,2396.0,2604.0,0.0,18.0,42001,4800,1200,5000,1,binary,27.417536759749055
Gisette,1,sequential_freeze,Sequential freeze: primary then complementary,34,Primary hard,,0.0013339985844989617,0.0013339985844989617,0.09867093707124393,0.9691666666666666,0.9690893901420217,2396.0,2604.0,0.0,18.0,42001,4800,1200,5000,1,binary,28.215556006878614
Gisette,1,sequential_freeze,Sequential freeze: primary then complementary,35,Primary hard,,0.0010134397788594167,0.0010134397788594167,0.10105710988243422,0.9691666666666666,0.969243557772236,2396.0,2604.0,0.0,18.0,42001,4800,1200,5000,1,binary,28.95962058007717
Gisette,1,sequential_freeze,Sequential freeze: primary then complementary,36,Primary hard,,0.0007921058218926192,0.0007921058218926192,0.09901134657363096,0.9725,0.9723849372384937,2396.0,2604.0,0.0,18.0,42001,4800,1200,5000,1,binary,29.689501942135394
Gisette,1,sequential_freeze,Sequential freeze: primary then complementary,37,Primary hard,,0.0006762886939880748,0.0006762886939880748,0.09694426250954469,0.9741666666666666,0.9740150880134115,2396.0,2604.0,0.0,18.0,42001,4800,1200,5000,1,binary,30.51036415901035
Gisette,1,sequential_freeze,Sequential freeze: primary then complementary,38,Primary hard,,0.0007094974427794417,0.0007094974427794417,0.09483938654263814,0.9741666666666666,0.9741019214703425,2396.0,2604.0,0.0,18.0,42001,4800,1200,5000,1,binary,31.25040633417666
Gisette,1,sequential_freeze,Sequential freeze: primary then complementary,39,Primary hard,,0.0008019807927000026,0.0008019807927000026,0.09332941057781378,0.9741666666666666,0.9740150880134115,2396.0,2604.0,0.0,18.0,42001,4800,1200,5000,1,binary,32.098544771783054
Gisette,1,sequential_freeze,Sequential freeze: primary then complementary,40,Primary hard,,0.0008913736130731801,0.0008913736130731801,0.08940379299223424,0.9741666666666666,0.9740585774058578,2396.0,2604.0,0.0,18.0,42001,4800,1200,5000,1,binary,32.99380948394537
Gisette,1,sequential_freeze,Sequential freeze: primary then complementary,41,Primary hard,,0.000960444073813657,0.000960444073813657,0.08692277429004511,0.9741666666666666,0.9740585774058578,2396.0,2604.0,0.0,18.0,42001,4800,1200,5000,1,binary,33.77815939672291
Gisette,1,sequential_freeze,Sequential freeze: primary then complementary,42,Primary hard,,0.001007915229226152,0.001007915229226152,0.08675320240358511,0.9741666666666666,0.9740585774058578,2396.0,2604.0,0.0,18.0,42001,4800,1200,5000,1,binary,34.571683439426124
Gisette,1,sequential_freeze,Sequential freeze: primary then complementary,43,Primary hard,,0.0010050861925507586,0.0010050861925507586,0.08384323867658774,0.9733333333333334,0.9731993299832495,2396.0,2604.0,0.0,18.0,42001,4800,1200,5000,1,binary,35.43599737435579
Gisette,1,sequential_freeze,Sequential freeze: primary then complementary,44,Primary hard,,0.0009992043115198612,0.0009992043115198612,0.08248062580823898,0.9733333333333334,0.9731993299832495,2396.0,2604.0,0.0,18.0,42001,4800,1200,5000,1,binary,36.30265149474144
Gisette,1,sequential_freeze,Sequential freeze: primary then complementary,45,Primary hard,,0.0009833727730438114,0.0009833727730438114,0.08191377113262813,0.9733333333333334,0.9731993299832495,2396.0,2604.0,0.0,18.0,42001,4800,1200,5000,1,binary,37.07108221016824
Gisette,1,sequential_freeze,Sequential freeze: primary then complementary,46,Primary hard,,0.0009758727252483368,0.0009758727252483368,0.08005665667355061,0.9741666666666666,0.9740585774058578,2396.0,2604.0,0.0,18.0,42001,4800,1200,5000,1,binary,37.78434776421636
Gisette,1,sequential_freeze,Sequential freeze: primary then complementary,47,Primary hard,,0.00098952642797182,0.00098952642797182,0.07973945510884126,0.975,0.9748743718592965,2396.0,2604.0,0.0,18.0,42001,4800,1200,5000,1,binary,38.70866753254086
Gisette,1,sequential_freeze,Sequential freeze: primary then complementary,48,Primary hard,,0.000978527848298351,0.000978527848298351,0.07918959684669971,0.9758333333333333,0.9757322175732217,2396.0,2604.0,0.0,18.0,42001,4800,1200,5000,1,binary,39.498959032818675
Gisette,1,sequential_freeze,Sequential freeze: primary then complementary,49,Primary hard,,0.0009812092299883565,0.0009812092299883565,0.08019961953163147,0.975,0.9748743718592965,2396.0,2604.0,0.0,18.0,42001,4800,1200,5000,1,binary,40.26514967996627
Gisette,1,sequential_freeze,Sequential freeze: primary then complementary,50,Primary hard,,0.000992556035829087,0.000992556035829087,0.07907942920923233,0.9733333333333334,0.9731993299832495,2396.0,2604.0,0.0,18.0,42001,4800,1200,5000,1,binary,41.17762722633779
Gisette,1,sequential_freeze,Sequential freeze: primary then complementary,51,Stage2 soft,Stage2 soft,0.0014326242186749976,0.0011723386651525895,0.07898778947691122,0.9733333333333334,0.9732888146911519,2396.0,2064.0,0.0,18.0,42001,4800,1200,5000,1,binary,42.687440616078675
Gisette,1,sequential_freeze,Sequential freeze: primary then complementary,52,Stage2 soft,,0.0011974444504206378,0.0009372659089664618,0.08108004783590635,0.9725,0.9723849372384937,2396.0,451.0,0.0,18.0,42001,4800,1200,5000,1,binary,44.088956085033715
Gisette,1,sequential_freeze,Sequential freeze: primary then complementary,53,Stage2 soft,,0.0011957876135905584,0.0009354363715586563,0.08054227478802205,0.9733333333333334,0.9732441471571907,2396.0,1787.0,0.0,18.0,42001,4800,1200,5000,1,binary,45.569590599276125
Gisette,1,sequential_freeze,Sequential freeze: primary then complementary,54,Stage2 soft,,0.0012056226236745716,0.0009452836324150364,0.0792204649746418,0.975,0.9748743718592965,2396.0,555.0,0.0,18.0,42001,4800,1200,5000,1,binary,47.01195746101439
Gisette,1,sequential_freeze,Sequential freeze: primary then complementary,55,Stage2 soft,,0.0011843562048549454,0.0009240707429125905,0.07779746254285176,0.9741666666666666,0.9741019214703425,2396.0,1515.0,0.0,18.0,42001,4800,1200,5000,1,binary,48.428770147264004
Gisette,1,sequential_freeze,Sequential freeze: primary then complementary,56,Stage2 soft,,0.0011774380551651121,0.0009171038571124275,0.0794794765363137,0.9741666666666666,0.9740585774058578,2396.0,721.0,0.0,18.0,42001,4800,1200,5000,1,binary,49.87851168960333
Gisette,1,sequential_freeze,Sequential freeze: primary then complementary,57,Stage2 soft,,0.0011715946594874065,0.0009112746369404097,0.07745270962516466,0.9733333333333334,0.9731993299832495,2396.0,1359.0,0.0,18.0,42001,4800,1200,5000,1,binary,51.395375677384436
Gisette,1,sequential_freeze,Sequential freeze: primary then complementary,58,Stage2 soft,,0.0011605546638990443,0.0009002074211214979,0.07854976415634156,0.9733333333333334,0.9732888146911519,2396.0,751.0,0.0,18.0,42001,4800,1200,5000,1,binary,52.81922295037657
Gisette,1,sequential_freeze,Sequential freeze: primary then complementary,59,Stage2 soft,,0.0011600358287493387,0.0008997047157026828,0.07929423456390698,0.9741666666666666,0.9740585774058578,2396.0,1149.0,0.0,18.0,42001,4800,1200,5000,1,binary,54.351634154096246
Gisette,1,sequential_freeze,Sequential freeze: primary then complementary,60,Stage2 soft,,0.0011523316086580356,0.0008919997513294219,0.07890900293986003,0.9741666666666666,0.9740585774058578,2396.0,692.0,0.0,18.0,42001,4800,1200,5000,1,binary,55.844830287620425
Gisette,1,sequential_freeze,Sequential freeze: primary then complementary,61,Stage2 soft,,0.0011502352139602105,0.0008898995203586916,0.0784845606982708,0.975,0.9749163879598662,2396.0,690.0,0.0,18.0,42001,4800,1200,5000,1,binary,57.291130495257676
Gisette,1,sequential_freeze,Sequential freeze: primary then complementary,62,Stage2 soft,,0.0011631097784265876,0.0009027738892473281,0.07955015428364277,0.9733333333333334,0.9732441471571907,2396.0,717.0,0.0,18.0,42001,4800,1200,5000,1,binary,58.84823966212571
Gisette,1,sequential_freeze,Sequential freeze: primary then complementary,63,Stage2 soft,,0.0011584341789906223,0.0008980944356881082,0.0782354562729597,0.9725,0.9724310776942355,2396.0,667.0,0.0,18.0,42001,4800,1200,5000,1,binary,60.24404295627028
Gisette,1,sequential_freeze,Sequential freeze: primary then complementary,64,Stage2 soft,,0.0011515429010614752,0.0008912155528863271,0.07886114490528902,0.975,0.9748743718592965,2396.0,730.0,0.0,18.0,42001,4800,1200,5000,1,binary,61.65178691782057
Gisette,1,sequential_freeze,Sequential freeze: primary then complementary,65,Stage2 soft,,0.0011504471922914187,0.0008901025680825114,0.07877354209621747,0.975,0.9749163879598662,2396.0,670.0,0.0,18.0,42001,4800,1200,5000,1,binary,63.272668280638754
Gisette,1,sequential_freeze,Sequential freeze: primary then complementary,66,Stage2 soft,,0.0011506393846745292,0.0008903054427355527,0.07976360643903414,0.9733333333333334,0.9732441471571907,2396.0,684.0,0.0,18.0,42001,4800,1200,5000,1,binary,64.80645740032196
Gisette,1,sequential_freeze,Sequential freeze: primary then complementary,67,Stage2 soft,,0.0011533775956680378,0.0008930343001460036,0.07903307408094407,0.9741666666666666,0.9740585774058578,2396.0,696.0,0.0,18.0,42001,4800,1200,5000,1,binary,66.45265935733914
Gisette,1,sequential_freeze,Sequential freeze: primary then complementary,68,Stage2 soft,,0.0011510148706535498,0.0008906797777550916,0.07941904629270236,0.9758333333333333,0.9757322175732217,2396.0,610.0,0.0,18.0,42001,4800,1200,5000,1,binary,67.81014038063586
Gisette,1,sequential_freeze,Sequential freeze: primary then complementary,69,Stage2 soft,,0.0011429134678716461,0.0008825749803024034,0.07866420378287634,0.975,0.9748743718592965,2396.0,731.0,0.0,18.0,42001,4800,1200,5000,1,binary,69.29167640209198
Gisette,1,sequential_freeze,Sequential freeze: primary then complementary,70,Stage2 soft,,0.0011466838683312137,0.0008863366472845277,0.07862596939007441,0.9741666666666666,0.9740585774058578,2396.0,613.0,0.0,18.0,42001,4800,1200,5000,1,binary,70.71738637704402
Gisette,1,sequential_freeze,Sequential freeze: primary then complementary,71,Stage2 soft,,0.001149208340793848,0.0008888715280530354,0.07826851340631644,0.975,0.9749163879598662,2396.0,652.0,0.0,18.0,42001,4800,1200,5000,1,binary,72.2278862092644
Gisette,1,sequential_freeze,Sequential freeze: primary then complementary,72,Stage2 soft,,0.0011466645946105322,0.0008863244950771332,0.07913917074600856,0.9741666666666666,0.9740585774058578,2396.0,658.0,0.0,18.0,42001,4800,1200,5000,1,binary,73.77056527417153
Gisette,1,sequential_freeze,Sequential freeze: primary then complementary,73,Stage2 soft,,0.001141946657250325,0.0008816001502176126,0.07850633251170318,0.975,0.9749163879598662,2396.0,631.0,0.0,18.0,42001,4800,1200,5000,1,binary,75.29538372438401
Gisette,1,sequential_freeze,Sequential freeze: primary then complementary,74,Stage2 soft,,0.0011432759401698907,0.0008829355884032945,0.07864506810903549,0.975,0.9749163879598662,2396.0,612.0,0.0,18.0,42001,4800,1200,5000,1,binary,76.7860604710877
Gisette,1,sequential_freeze,Sequential freeze: primary then complementary,75,Stage2 soft,,0.0011480855786552033,0.0008877463374907772,0.07971468371649583,0.975,0.9748743718592965,2396.0,641.0,0.0,18.0,42001,4800,1200,5000,1,binary,78.31199795566499
Gisette,1,sequential_freeze,Sequential freeze: primary then complementary,76,Stage2 soft,,0.0011483718703190486,0.0008880324304724733,0.07790458691616853,0.9741666666666666,0.9740585774058578,2396.0,621.0,0.0,18.0,42001,4800,1200,5000,1,binary,79.61622158344835
Gisette,1,sequential_freeze,Sequential freeze: primary then complementary,77,Stage2 soft,,0.0011485181469470262,0.000888174941452841,0.07894760536650816,0.9758333333333333,0.9757322175732217,2396.0,634.0,0.0,18.0,42001,4800,1200,5000,1,binary,81.20167342666537
Gisette,1,sequential_freeze,Sequential freeze: primary then complementary,78,Stage2 soft,,0.0011443595417464773,0.0008840206040379902,0.07864274017512798,0.975,0.9748743718592965,2396.0,643.0,0.0,18.0,42001,4800,1200,5000,1,binary,82.77144215721637
Gisette,1,sequential_freeze,Sequential freeze: primary then complementary,79,Stage2 soft,,0.0011495524396499,0.0008892117285480102,0.07906542673707008,0.9741666666666666,0.9740585774058578,2396.0,602.0,0.0,18.0,42001,4800,1200,5000,1,binary,84.33154839929193
Gisette,1,sequential_freeze,Sequential freeze: primary then complementary,80,Stage2 soft,,0.001144024961007138,0.0008836846061361333,0.0797476859887441,0.9758333333333333,0.9757727652464494,2396.0,722.0,0.0,18.0,42001,4800,1200,5000,1,binary,85.98257110919803
Gisette,1,sequential_freeze,Sequential freeze: primary then complementary,81,Complementary hard,Complementary hard,0.0010739370745917161,0.0010739370745917161,0.08179487029711406,0.9741666666666666,0.9741019214703425,2396.0,722.0,0.0,18.0,42001,4800,1200,5000,1,binary,87.3635596819222
Gisette,1,sequential_freeze,Sequential freeze: primary then complementary,82,Complementary hard,,0.0009503355932732423,0.0009503355932732423,0.0805576824148496,0.9725,0.9723849372384937,2396.0,722.0,0.0,18.0,42001,4800,1200,5000,1,binary,88.82888932712376
Gisette,1,sequential_freeze,Sequential freeze: primary then complementary,83,Complementary hard,,0.0008961957103262345,0.0008961957103262345,0.0785391433040301,0.9741666666666666,0.9740585774058578,2396.0,722.0,0.0,18.0,42001,4800,1200,5000,1,binary,90.38989477418363
Gisette,1,sequential_freeze,Sequential freeze: primary then complementary,84,Complementary hard,,0.0008793155088399848,0.0008793155088399848,0.0795873639980952,0.9741666666666666,0.9740585774058578,2396.0,722.0,0.0,18.0,42001,4800,1200,5000,1,binary,91.94169553462416
Gisette,1,sequential_freeze,Sequential freeze: primary then complementary,85,Complementary hard,,0.0008679609349928796,0.0008679609349928796,0.08051367449263731,0.975,0.9749163879598662,2396.0,722.0,0.0,18.0,42001,4800,1200,5000,1,binary,93.36103880032897
Gisette,1,sequential_freeze,Sequential freeze: primary then complementary,86,Complementary hard,,0.0008712189512637754,0.0008712189512637754,0.08059005024532477,0.9758333333333333,0.9757322175732217,2396.0,722.0,0.0,18.0,42001,4800,1200,5000,1,binary,94.8079761620611
Gisette,1,sequential_freeze,Sequential freeze: primary then complementary,87,Complementary hard,,0.0008655768500951429,0.0008655768500951429,0.08010352648794651,0.975,0.9749163879598662,2396.0,722.0,0.0,18.0,42001,4800,1200,5000,1,binary,96.12621336709708
Gisette,1,sequential_freeze,Sequential freeze: primary then complementary,88,Complementary hard,,0.0008579245551178853,0.0008579245551178853,0.07982387733956178,0.975,0.9749163879598662,2396.0,722.0,0.0,18.0,42001,4800,1200,5000,1,binary,97.5551124336198
Gisette,1,sequential_freeze,Sequential freeze: primary then complementary,89,Complementary hard,,0.0008671435946598649,0.0008671435946598649,0.07931626439094544,0.975,0.9749163879598662,2396.0,722.0,0.0,18.0,42001,4800,1200,5000,1,binary,98.98984446469694
Gisette,1,sequential_freeze,Sequential freeze: primary then complementary,90,Complementary hard,,0.0008639960130676627,0.0008639960130676627,0.07956823714077473,0.9733333333333334,0.9732441471571907,2396.0,722.0,0.0,18.0,42001,4800,1200,5000,1,binary,100.42186354473233
Gisette,1,joint_no_freeze,"Joint no-freeze, same total epoch budget",1,Joint no-freeze,Joint no-freeze start,0.33993637839953106,0.3347167642911275,0.16613386273384095,0.9483333333333334,0.9482470784641068,2220.0,1326.0,0.0,18.0,42001,4800,1200,5000,1,binary,1.567901497706771
Gisette,1,joint_no_freeze,"Joint no-freeze, same total epoch budget",2,Joint no-freeze,,0.07846947421630224,0.07319414481520653,0.14102428565422695,0.9666666666666667,0.9662731871838112,2209.0,1076.0,0.0,18.0,42001,4800,1200,5000,1,binary,3.1421525785699487
Gisette,1,joint_no_freeze,"Joint no-freeze, same total epoch budget",3,Joint no-freeze,,0.03976025645931562,0.034481559942166014,0.15155804266532263,0.9675,0.9671440606571188,2259.0,986.0,0.0,18.0,42001,4800,1200,5000,1,binary,4.589014780707657
Gisette,1,joint_no_freeze,"Joint no-freeze, same total epoch budget",4,Joint no-freeze,,0.021115496531128885,0.015830953245361646,0.16578856925169627,0.9641666666666666,0.9637742207245156,2217.0,1120.0,0.0,18.0,42001,4800,1200,5000,1,binary,6.073515908792615
Gisette,1,joint_no_freeze,"Joint no-freeze, same total epoch budget",5,Joint no-freeze,,0.014385881572961808,0.009094732912878196,0.1736097377538681,0.96,0.9596638655462185,2281.0,1092.0,0.0,18.0,42001,4800,1200,5000,1,binary,7.6274316143244505
Gisette,1,joint_no_freeze,"Joint no-freeze, same total epoch budget",6,Joint no-freeze,,0.011287849967678388,0.005993950615326564,0.16816722671190898,0.9591666666666666,0.9589270746018441,2312.0,1239.0,0.0,18.0,42001,4800,1200,5000,1,binary,9.210912029258907
Gisette,1,joint_no_freeze,"Joint no-freeze, same total epoch budget",7,Joint no-freeze,,0.00994575430949529,0.004649538093556961,0.16878383457660676,0.9608333333333333,0.9608659450457951,2377.0,1139.0,0.0,18.0,42001,4800,1200,5000,1,binary,10.743940413929522
Gisette,1,joint_no_freeze,"Joint no-freeze, same total epoch budget",8,Joint no-freeze,,0.009387161321938038,0.004093641232078274,0.16215985735257465,0.9666666666666667,0.9666110183639399,2442.0,1133.0,0.0,18.0,42001,4800,1200,5000,1,binary,12.382759244181216
Gisette,1,joint_no_freeze,"Joint no-freeze, same total epoch budget",9,Joint no-freeze,,0.009107355276743572,0.0038154217104117076,0.15200872749090194,0.9616666666666667,0.9616026711185309,2454.0,1106.0,0.0,18.0,42001,4800,1200,5000,1,binary,14.017698804847896
Gisette,1,joint_no_freeze,"Joint no-freeze, same total epoch budget",10,Joint no-freeze,,0.008799191067616145,0.0035082625690847635,0.16978793780008952,0.9625,0.9625935162094763,2454.0,1098.0,0.0,18.0,42001,4800,1200,5000,1,binary,15.500348043628037
Gisette,1,joint_no_freeze,"Joint no-freeze, same total epoch budget",11,Joint no-freeze,,0.008676671795547009,0.0033851257370164,0.17182544176777204,0.9633333333333334,0.9635157545605307,2428.0,1116.0,0.0,18.0,42001,4800,1200,5000,1,binary,17.127301199361682
Gisette,1,joint_no_freeze,"Joint no-freeze, same total epoch budget",12,Joint no-freeze,,0.008683822552363078,0.003393178234497706,0.1695099919537703,0.9625,0.9624060150375939,2420.0,1150.0,0.0,18.0,42001,4800,1200,5000,1,binary,18.670499596744776
Gisette,1,joint_no_freeze,"Joint no-freeze, same total epoch budget",13,Joint no-freeze,,0.008707339651882648,0.003416244002679984,0.1684028952817122,0.9625,0.9624060150375939,2362.0,1194.0,0.0,18.0,42001,4800,1200,5000,1,binary,20.19630661327392
Gisette,1,joint_no_freeze,"Joint no-freeze, same total epoch budget",14,Joint no-freeze,,0.008675048400958379,0.0033804209157824515,0.18295139332612356,0.96,0.9600665557404326,2310.0,1257.0,0.0,18.0,42001,4800,1200,5000,1,binary,21.59156448300928
Gisette,1,joint_no_freeze,"Joint no-freeze, same total epoch budget",15,Joint no-freeze,,0.008570894884566466,0.003274405701085925,0.1821096400419871,0.9608333333333333,0.960735171261487,2279.0,1257.0,0.0,18.0,42001,4800,1200,5000,1,binary,23.10344883427024
Gisette,1,joint_no_freeze,"Joint no-freeze, same total epoch budget",16,Joint no-freeze,,0.008480950569113096,0.003182381084188819,0.17124759684006374,0.9625,0.9624060150375939,2237.0,1280.0,0.0,18.0,42001,4800,1200,5000,1,binary,24.636782428249717
Gisette,1,joint_no_freeze,"Joint no-freeze, same total epoch budget",17,Joint no-freeze,,0.008476524402697881,0.003176160613074899,0.1689715682466825,0.9575,0.957464553794829,2217.0,1300.0,0.0,18.0,42001,4800,1200,5000,1,binary,26.056765465065837
Gisette,1,joint_no_freeze,"Joint no-freeze, same total epoch budget",18,Joint no-freeze,,0.008412477212647597,0.0031127831774453323,0.1665018895516793,0.9616666666666667,0.9615384615384616,2216.0,1224.0,0.0,18.0,42001,4800,1200,5000,1,binary,27.485858687199652
Gisette,1,joint_no_freeze,"Joint no-freeze, same total epoch budget",19,Joint no-freeze,,0.008345268306632837,0.003044371008872986,0.16374417558312415,0.9633333333333334,0.9632721202003339,2172.0,1257.0,0.0,18.0,42001,4800,1200,5000,1,binary,29.096692715771496
Gisette,1,joint_no_freeze,"Joint no-freeze, same total epoch budget",20,Joint no-freeze,,0.008303063958883285,0.002999224529291193,0.1499500122666359,0.9666666666666667,0.9666666666666667,2150.0,1279.0,0.0,18.0,42001,4800,1200,5000,1,binary,30.61436390131712
Gisette,1,joint_no_freeze,"Joint no-freeze, same total epoch budget",21,Joint no-freeze,,0.008299799486994743,0.0029950559760133426,0.14873639305432637,0.9675,0.9673093042749371,2144.0,1247.0,0.0,18.0,42001,4800,1200,5000,1,binary,31.95343071874231
Gisette,1,joint_no_freeze,"Joint no-freeze, same total epoch budget",22,Joint no-freeze,,0.008345721401274203,0.0030404899641871454,0.1577306344608466,0.9658333333333333,0.9657477025898078,2131.0,1208.0,0.0,18.0,42001,4800,1200,5000,1,binary,33.413944056257606
Gisette,1,joint_no_freeze,"Joint no-freeze, same total epoch budget",23,Joint no-freeze,,0.008378967195749282,0.003074512497211496,0.14406983221570652,0.9675,0.9674185463659147,2159.0,1162.0,0.0,18.0,42001,4800,1200,5000,1,binary,34.935782900080085
Gisette,1,joint_no_freeze,"Joint no-freeze, same total epoch budget",24,Joint no-freeze,,0.008414843914409479,0.003114236630499363,0.13643468270699183,0.9683333333333334,0.9681208053691275,2193.0,1169.0,0.0,18.0,42001,4800,1200,5000,1,binary,36.35971854440868
Gisette,1,joint_no_freeze,"Joint no-freeze, same total epoch budget",25,Joint no-freeze,,0.008427722776929537,0.003130335050324599,0.1556383772691091,0.9683333333333334,0.968013468013468,2226.0,1085.0,0.0,18.0,42001,4800,1200,5000,1,binary,37.666533776558936
Gisette,1,joint_no_freeze,"Joint no-freeze, same total epoch budget",26,Joint no-freeze,,0.008457061474521955,0.003161620351796349,0.16923384964466096,0.965,0.9645868465430016,2229.0,1061.0,0.0,18.0,42001,4800,1200,5000,1,binary,39.24271850287914
Gisette,1,joint_no_freeze,"Joint no-freeze, same total epoch budget",27,Joint no-freeze,,0.008427712631722291,0.0031319475018729767,0.16244964917500815,0.965,0.964527027027027,2229.0,1138.0,0.0,18.0,42001,4800,1200,5000,1,binary,40.85819339193404
Gisette,1,joint_no_freeze,"Joint no-freeze, same total epoch budget",28,Joint no-freeze,,0.008410108735164007,0.0031135628186166288,0.1523747981588046,0.9666666666666667,0.9662731871838112,2209.0,1156.0,0.0,18.0,42001,4800,1200,5000,1,binary,42.51840750593692
Gisette,1,joint_no_freeze,"Joint no-freeze, same total epoch budget",29,Joint no-freeze,,0.008394886205593744,0.0030980424458781877,0.1465678930282593,0.9666666666666667,0.9663299663299664,2216.0,1153.0,0.0,18.0,42001,4800,1200,5000,1,binary,44.1303350860253
Gisette,1,joint_no_freeze,"Joint no-freeze, same total epoch budget",30,Joint no-freeze,,0.008404606257875761,0.003107045584668716,0.1315920352935791,0.9708333333333333,0.9705634987384356,2218.0,1164.0,0.0,18.0,42001,4800,1200,5000,1,binary,45.78208695072681
Gisette,1,joint_no_freeze,"Joint no-freeze, same total epoch budget",31,Joint no-freeze,,0.008431250788271427,0.003133677939573924,0.13045541738470395,0.97,0.9696969696969697,2214.0,1190.0,0.0,18.0,42001,4800,1200,5000,1,binary,47.317178257741034
Gisette,1,joint_no_freeze,"Joint no-freeze, same total epoch budget",32,Joint no-freeze,,0.008514603649576504,0.0032177964287499585,0.13191677595178286,0.9658333333333333,0.9655751469353484,2217.0,1151.0,0.0,18.0,42001,4800,1200,5000,1,binary,48.82347324118018
Gisette,1,joint_no_freeze,"Joint no-freeze, same total epoch budget",33,Joint no-freeze,,0.008501406088471412,0.003204322708770633,0.1446927440414826,0.9641666666666666,0.9640167364016736,2212.0,1147.0,0.0,18.0,42001,4800,1200,5000,1,binary,50.303145566023886
Gisette,1,joint_no_freeze,"Joint no-freeze, same total epoch budget",34,Joint no-freeze,,0.008436820035179456,0.003139881445094943,0.14822528064250945,0.9625,0.9621530698065601,2219.0,1088.0,0.0,18.0,42001,4800,1200,5000,1,binary,51.80375689826906
Gisette,1,joint_no_freeze,"Joint no-freeze, same total epoch budget",35,Joint no-freeze,,0.008373255195717017,0.003075725482776761,0.13363028471668562,0.9666666666666667,0.9664429530201343,2202.0,1133.0,0.0,18.0,42001,4800,1200,5000,1,binary,53.15854542236775
Gisette,1,joint_no_freeze,"Joint no-freeze, same total epoch budget",36,Joint no-freeze,,0.008341399592657884,0.0030430876091122627,0.1374354209502538,0.9666666666666667,0.9663299663299664,2210.0,1116.0,0.0,18.0,42001,4800,1200,5000,1,binary,54.72279715817422
Gisette,1,joint_no_freeze,"Joint no-freeze, same total epoch budget",37,Joint no-freeze,,0.008328317664563656,0.003030537913242976,0.13236817821860314,0.97,0.9697478991596639,2211.0,1113.0,0.0,18.0,42001,4800,1200,5000,1,binary,56.112486499361694
Gisette,1,joint_no_freeze,"Joint no-freeze, same total epoch budget",38,Joint no-freeze,,0.008340489181379477,0.0030432161067922912,0.1177668772637844,0.9733333333333334,0.973109243697479,2217.0,1114.0,0.0,18.0,42001,4800,1200,5000,1,binary,57.63518296740949
Gisette,1,joint_no_freeze,"Joint no-freeze, same total epoch budget",39,Joint no-freeze,,0.008343378839393456,0.0030465223267674446,0.1171800123155117,0.975,0.9748322147651006,2239.0,1079.0,0.0,18.0,42001,4800,1200,5000,1,binary,59.12272503692657
Gisette,1,joint_no_freeze,"Joint no-freeze, same total epoch budget",40,Joint no-freeze,,0.00839562037338813,0.003101512792830666,0.12228569482763609,0.9758333333333333,0.9756507136859782,2283.0,1035.0,0.0,18.0,42001,4800,1200,5000,1,binary,60.54628929682076
Gisette,1,joint_no_freeze,"Joint no-freeze, same total epoch budget",41,Joint no-freeze,,0.008396400374670824,0.0031058546838661034,0.13402848333120346,0.9708333333333333,0.9704641350210971,2286.0,1053.0,0.0,18.0,42001,4800,1200,5000,1,binary,62.034358645789325
Gisette,1,joint_no_freeze,"Joint no-freeze, same total epoch budget",42,Joint no-freeze,,0.008370675407350063,0.003078400685141484,0.14777906527121862,0.97,0.9696969696969697,2249.0,1003.0,0.0,18.0,42001,4800,1200,5000,1,binary,63.50328347366303
Gisette,1,joint_no_freeze,"Joint no-freeze, same total epoch budget",43,Joint no-freeze,,0.008338556488355001,0.0030439912745108206,0.14843548327684403,0.9683333333333334,0.968013468013468,2245.0,1069.0,0.0,18.0,42001,4800,1200,5000,1,binary,65.09753065463156
Gisette,1,joint_no_freeze,"Joint no-freeze, same total epoch budget",44,Joint no-freeze,,0.008321742750704289,0.003026864823574821,0.12957574307918548,0.9725,0.9722921914357683,2251.0,1093.0,0.0,18.0,42001,4800,1200,5000,1,binary,66.58492830395699
Gisette,1,joint_no_freeze,"Joint no-freeze, same total epoch budget",45,Joint no-freeze,,0.008316578728457293,0.0030221895004312197,0.12521281267205875,0.9733333333333334,0.9730639730639731,2252.0,1093.0,0.0,18.0,42001,4800,1200,5000,1,binary,68.14723479561508
Gisette,1,joint_no_freeze,"Joint no-freeze, same total epoch budget",46,Joint no-freeze,,0.008387457517286142,0.0030938954558223488,0.1307838763296604,0.9708333333333333,0.9706129303106633,2236.0,1101.0,0.0,18.0,42001,4800,1200,5000,1,binary,69.70018039923161
Gisette,1,joint_no_freeze,"Joint no-freeze, same total epoch budget",47,Joint no-freeze,,0.008402503207325935,0.0031077014406522114,0.12682804348568122,0.97,0.9697986577181208,2241.0,1109.0,0.0,18.0,42001,4800,1200,5000,1,binary,71.28770612925291
Gisette,1,joint_no_freeze,"Joint no-freeze, same total epoch budget",48,Joint no-freeze,,0.008371164699395498,0.0030761652315656344,0.1249389090637366,0.97,0.9697986577181208,2236.0,1099.0,0.0,18.0,42001,4800,1200,5000,1,binary,72.82405821420252
Gisette,1,joint_no_freeze,"Joint no-freeze, same total epoch budget",49,Joint no-freeze,,0.008316339291632176,0.0030207405363519985,0.12166327719887098,0.9716666666666667,0.9715719063545151,2234.0,1038.0,0.0,18.0,42001,4800,1200,5000,1,binary,74.28635992668569
Gisette,1,joint_no_freeze,"Joint no-freeze, same total epoch budget",50,Joint no-freeze,,0.008279093814392884,0.002983107346420487,0.11395969959596793,0.9725,0.9724770642201835,2214.0,1064.0,0.0,18.0,42001,4800,1200,5000,1,binary,75.85423885006458
Gisette,1,joint_no_freeze,"Joint no-freeze, same total epoch budget",51,Joint no-freeze,,0.008288865809639294,0.0029915318917483093,0.11345522195100784,0.9716666666666667,0.9714765100671141,2217.0,1088.0,0.0,18.0,42001,4800,1200,5000,1,binary,77.34058415237814
Gisette,1,joint_no_freeze,"Joint no-freeze, same total epoch budget",52,Joint no-freeze,,0.00828388873487711,0.0029858359725524982,0.11415408839782079,0.9741666666666666,0.9740150880134115,2213.0,1070.0,0.0,18.0,42001,4800,1200,5000,1,binary,78.94002191536129
Gisette,1,joint_no_freeze,"Joint no-freeze, same total epoch budget",53,Joint no-freeze,,0.008285173525412878,0.002987515926361084,0.11628207668662072,0.975,0.9747899159663865,2220.0,1085.0,0.0,18.0,42001,4800,1200,5000,1,binary,80.4461700282991
Gisette,1,joint_no_freeze,"Joint no-freeze, same total epoch budget",54,Joint no-freeze,,0.008301130073765914,0.0030055979484071333,0.12439911375443141,0.9733333333333334,0.973109243697479,2251.0,1028.0,0.0,18.0,42001,4800,1200,5000,1,binary,81.88282966054976
Gisette,1,joint_no_freeze,"Joint no-freeze, same total epoch budget",55,Joint no-freeze,,0.008284442288180193,0.0029907663321743407,0.13131701767444612,0.9725,0.9721988205560236,2262.0,1039.0,0.0,18.0,42001,4800,1200,5000,1,binary,83.3433847753331
Gisette,1,joint_no_freeze,"Joint no-freeze, same total epoch budget",56,Joint no-freeze,,0.00827101876338323,0.0029776927828788755,0.13173091153303781,0.9741666666666666,0.9738837405223252,2255.0,1052.0,0.0,18.0,42001,4800,1200,5000,1,binary,84.98260028008372
Gisette,1,joint_no_freeze,"Joint no-freeze, same total epoch budget",57,Joint no-freeze,,0.008290875107049941,0.00299642162087063,0.12365025838216145,0.975,0.9748743718592965,2233.0,1090.0,0.0,18.0,42001,4800,1200,5000,1,binary,86.47415853198618
Gisette,1,joint_no_freeze,"Joint no-freeze, same total epoch budget",58,Joint no-freeze,,0.008267527607580026,0.002972441300128897,0.12213779032230378,0.9741666666666666,0.9740585774058578,2245.0,1076.0,0.0,18.0,42001,4800,1200,5000,1,binary,88.10229174885899
Gisette,1,joint_no_freeze,"Joint no-freeze, same total epoch budget",59,Joint no-freeze,,0.008279673010110854,0.0029869489340732494,0.12200593777000904,0.9733333333333334,0.9731543624161074,2263.0,1045.0,0.0,18.0,42001,4800,1200,5000,1,binary,89.63922204077244
Gisette,1,joint_no_freeze,"Joint no-freeze, same total epoch budget",60,Joint no-freeze,,0.008273890167474747,0.0029817350767552854,0.11214210912585258,0.9716666666666667,0.9715242881072027,2259.0,1075.0,0.0,18.0,42001,4800,1200,5000,1,binary,91.17440465278924
Gisette,1,joint_no_freeze,"Joint no-freeze, same total epoch budget",61,Joint no-freeze,,0.008249638540049394,0.0029549238458275793,0.11273975660403569,0.9733333333333334,0.9731993299832495,2222.0,1050.0,0.0,18.0,42001,4800,1200,5000,1,binary,92.75884397793561
Gisette,1,joint_no_freeze,"Joint no-freeze, same total epoch budget",62,Joint no-freeze,,0.008229646272957325,0.002932694669192036,0.11213568359613418,0.9725,0.9724310776942355,2190.0,1080.0,0.0,18.0,42001,4800,1200,5000,1,binary,94.22450710088015
Gisette,1,joint_no_freeze,"Joint no-freeze, same total epoch budget",63,Joint no-freeze,,0.008219843953847885,0.0029209974904855092,0.11013718731701375,0.9741666666666666,0.9741019214703425,2199.0,1066.0,0.0,18.0,42001,4800,1200,5000,1,binary,95.66200246103108
Gisette,1,joint_no_freeze,"Joint no-freeze, same total epoch budget",64,Joint no-freeze,,0.008198638247946899,0.002899331844722231,0.11353010550141335,0.9758333333333333,0.9757322175732217,2196.0,1105.0,0.0,18.0,42001,4800,1200,5000,1,binary,97.16745442058891
Gisette,1,joint_no_freeze,"Joint no-freeze, same total epoch budget",65,Joint no-freeze,,0.008207377729316552,0.0029087938896069925,0.11276004061102868,0.9716666666666667,0.9714765100671141,2221.0,1103.0,0.0,18.0,42001,4800,1200,5000,1,binary,98.57213301025331
Gisette,1,joint_no_freeze,"Joint no-freeze, same total epoch budget",66,Joint no-freeze,,0.008232527847091357,0.0029368210242440304,0.11242873638868332,0.9783333333333334,0.9781879194630873,2239.0,1069.0,0.0,18.0,42001,4800,1200,5000,1,binary,100.03300311230123
Gisette,1,joint_no_freeze,"Joint no-freeze, same total epoch budget",67,Joint no-freeze,,0.008225408519307772,0.0029300724404553572,0.12521958649158477,0.9725,0.9722921914357683,2224.0,1034.0,0.0,18.0,42001,4800,1200,5000,1,binary,101.59406374581158
Gisette,1,joint_no_freeze,"Joint no-freeze, same total epoch budget",68,Joint no-freeze,,0.008198428923885028,0.002903597792610526,0.12748229563236235,0.9733333333333334,0.9730639730639731,2248.0,1038.0,0.0,18.0,42001,4800,1200,5000,1,binary,103.09834768995643
Gisette,1,joint_no_freeze,"Joint no-freeze, same total epoch budget",69,Joint no-freeze,,0.00820653469612201,0.0029123802110552787,0.11905189509193102,0.975,0.9747474747474747,2238.0,1066.0,0.0,18.0,42001,4800,1200,5000,1,binary,104.63428108766675
Gisette,1,joint_no_freeze,"Joint no-freeze, same total epoch budget",70,Joint no-freeze,,0.008190452381968498,0.002895618562276165,0.11504147554437319,0.9758333333333333,0.9757322175732217,2226.0,1063.0,0.0,18.0,42001,4800,1200,5000,1,binary,106.2328683855012
Gisette,1,joint_no_freeze,"Joint no-freeze, same total epoch budget",71,Joint no-freeze,,0.008182107706864675,0.002885241946205497,0.11306167674561342,0.9741666666666666,0.9740585774058578,2203.0,1074.0,0.0,18.0,42001,4800,1200,5000,1,binary,107.87867148034275
Gisette,1,joint_no_freeze,"Joint no-freeze, same total epoch budget",72,Joint no-freeze,,0.00819263276954492,0.002894022101536393,0.11459002623955408,0.9741666666666666,0.9740150880134115,2183.0,1101.0,0.0,18.0,42001,4800,1200,5000,1,binary,109.40858165360987
Gisette,1,joint_no_freeze,"Joint no-freeze, same total epoch budget",73,Joint no-freeze,,0.008181954237322013,0.0028813291061669587,0.11089212564130624,0.9741666666666666,0.9741019214703425,2162.0,1134.0,0.0,18.0,42001,4800,1200,5000,1,binary,110.96748227998614
Gisette,1,joint_no_freeze,"Joint no-freeze, same total epoch budget",74,Joint no-freeze,,0.00816473743567864,0.002863106165702144,0.10628934755921364,0.9741666666666666,0.9740150880134115,2162.0,1104.0,0.0,18.0,42001,4800,1200,5000,1,binary,112.50475416984409
Gisette,1,joint_no_freeze,"Joint no-freeze, same total epoch budget",75,Joint no-freeze,,0.008168631643056869,0.002866040322308739,0.10496059974034627,0.9741666666666666,0.9740585774058578,2172.0,1121.0,0.0,18.0,42001,4800,1200,5000,1,binary,114.11448049824685
Gisette,1,joint_no_freeze,"Joint no-freeze, same total epoch budget",76,Joint no-freeze,,0.008153862804174423,0.0028541178225229185,0.10878601824243864,0.9725,0.9723849372384937,2189.0,1144.0,0.0,18.0,42001,4800,1200,5000,1,binary,115.55405395105481
Gisette,1,joint_no_freeze,"Joint no-freeze, same total epoch budget",77,Joint no-freeze,,0.008152275569736958,0.0028526588436216115,0.10743308484554291,0.9758333333333333,0.9756507136859782,2192.0,1082.0,0.0,18.0,42001,4800,1200,5000,1,binary,117.19073991756886
Gisette,1,joint_no_freeze,"Joint no-freeze, same total epoch budget",78,Joint no-freeze,,0.0081403170277675,0.00284124375320971,0.1134811027844747,0.975,0.9748322147651006,2181.0,1084.0,0.0,18.0,42001,4800,1200,5000,1,binary,118.68715953920037
Gisette,1,joint_no_freeze,"Joint no-freeze, same total epoch budget",79,Joint no-freeze,,0.008154487820963065,0.0028552714517960944,0.12255123794078827,0.975,0.9748322147651006,2180.0,1069.0,0.0,18.0,42001,4800,1200,5000,1,binary,120.28271131869406
Gisette,1,joint_no_freeze,"Joint no-freeze, same total epoch budget",80,Joint no-freeze,,0.008156096301972867,0.0028555523759375015,0.12384521717826526,0.9775,0.9774058577405857,2160.0,1115.0,0.0,18.0,42001,4800,1200,5000,1,binary,121.8820227747783
Gisette,1,joint_no_freeze,"Joint no-freeze, same total epoch budget",81,Joint no-freeze,,0.008144592667619388,0.002842843681573868,0.1166168762743473,0.9775,0.9774058577405857,2169.0,1086.0,0.0,18.0,42001,4800,1200,5000,1,binary,123.35312600620091
Gisette,1,joint_no_freeze,"Joint no-freeze, same total epoch budget",82,Joint no-freeze,,0.008159065619111061,0.002859496905778845,0.10870224011441072,0.9758333333333333,0.9757322175732217,2182.0,1088.0,0.0,18.0,42001,4800,1200,5000,1,binary,124.91776259616017
Gisette,1,joint_no_freeze,"Joint no-freeze, same total epoch budget",83,Joint no-freeze,,0.008139580885569254,0.002840129143248002,0.10091330128411452,0.9758333333333333,0.9757727652464494,2193.0,1092.0,0.0,18.0,42001,4800,1200,5000,1,binary,126.47033588495106
Gisette,1,joint_no_freeze,"Joint no-freeze, same total epoch budget",84,Joint no-freeze,,0.008140769352515538,0.0028412268962711095,0.09983740401764711,0.9758333333333333,0.9757322175732217,2169.0,1121.0,0.0,18.0,42001,4800,1200,5000,1,binary,128.12623461335897
Gisette,1,joint_no_freeze,"Joint no-freeze, same total epoch budget",85,Joint no-freeze,,0.008124973848462105,0.002824161142731706,0.103264933899045,0.9741666666666666,0.9741019214703425,2167.0,1106.0,0.0,18.0,42001,4800,1200,5000,1,binary,129.71481790021062
Gisette,1,joint_no_freeze,"Joint no-freeze, same total epoch budget",86,Joint no-freeze,,0.0081179096053044,0.002815622373794516,0.1091297013560931,0.9725,0.9723849372384937,2144.0,1129.0,0.0,18.0,42001,4800,1200,5000,1,binary,131.27704844530672
Gisette,1,joint_no_freeze,"Joint no-freeze, same total epoch budget",87,Joint no-freeze,,0.008090207862357299,0.0027864995319396256,0.107787119820714,0.9733333333333334,0.9732441471571907,2143.0,1136.0,0.0,18.0,42001,4800,1200,5000,1,binary,132.81466242019087
Gisette,1,joint_no_freeze,"Joint no-freeze, same total epoch budget",88,Joint no-freeze,,0.00811136664201816,0.0028078088785211245,0.11008566568295161,0.975,0.9748322147651006,2150.0,1119.0,0.0,18.0,42001,4800,1200,5000,1,binary,134.3951948704198
Gisette,1,joint_no_freeze,"Joint no-freeze, same total epoch budget",89,Joint no-freeze,,0.008099454479912917,0.0027949538795898356,0.10718165174126625,0.9766666666666667,0.9765494137353434,2127.0,1111.0,0.0,18.0,42001,4800,1200,5000,1,binary,135.8309222459793
Gisette,1,joint_no_freeze,"Joint no-freeze, same total epoch budget",90,Joint no-freeze,,0.008111973243455093,0.0028075343215217194,0.11512271950642268,0.9758333333333333,0.9756507136859782,2128.0,1137.0,0.0,18.0,42001,4800,1200,5000,1,binary,137.32941639982164
Gisette,1,stage1_unfreeze_refinement,Stage1 primary then joint unfreeze refinement,1,Stage1 soft,Stage1 soft,0.3632798792918523,0.3582830220460892,0.15921594589948654,0.9533333333333334,0.9531772575250836,2180.0,2820.0,0.0,18.0,42001,4800,1200,5000,1,binary,0.4747259449213743
Gisette,1,stage1_unfreeze_refinement,Stage1 primary then joint unfreeze refinement,2,Stage1 soft,,0.09005823463201523,0.08506364807486534,0.13404297709465027,0.9616666666666667,0.9616666666666667,2175.0,2825.0,0.0,18.0,42001,4800,1200,5000,1,binary,0.935134707018733
Gisette,1,stage1_unfreeze_refinement,Stage1 primary then joint unfreeze refinement,3,Stage1 soft,,0.04861882671713829,0.043620840460062024,0.1445723216732343,0.9658333333333333,0.9656903765690377,2195.0,2805.0,0.0,18.0,42001,4800,1200,5000,1,binary,1.655085913836956
Gisette,1,stage1_unfreeze_refinement,Stage1 primary then joint unfreeze refinement,4,Stage1 soft,,0.03015441839893659,0.02514990612864494,0.16069275975227357,0.9591666666666666,0.9585097375105842,2225.0,2775.0,0.0,18.0,42001,4800,1200,5000,1,binary,2.321001408621669
Gisette,1,stage1_unfreeze_refinement,Stage1 primary then joint unfreeze refinement,5,Stage1 soft,,0.01931815634171168,0.014306137524545192,0.1516545539100965,0.9616666666666667,0.9611486486486487,2232.0,2768.0,0.0,18.0,42001,4800,1200,5000,1,binary,2.917718325741589
Gisette,1,stage1_unfreeze_refinement,Stage1 primary then joint unfreeze refinement,6,Stage1 soft,,0.01385058535883824,0.008831057511270047,0.15281008034944535,0.9591666666666666,0.95878889823381,2319.0,2681.0,0.0,18.0,42001,4800,1200,5000,1,binary,3.573690135963261
Gisette,1,stage1_unfreeze_refinement,Stage1 primary then joint unfreeze refinement,7,Stage1 soft,,0.011619865720470746,0.006593108599384626,0.16686928510665894,0.9591666666666666,0.9589958158995816,2380.0,2620.0,0.0,18.0,42001,4800,1200,5000,1,binary,4.221628688275814
Gisette,1,stage1_unfreeze_refinement,Stage1 primary then joint unfreeze refinement,8,Stage1 soft,,0.010397870913147927,0.005365108133604129,0.16600268065929413,0.96,0.959866220735786,2473.0,2527.0,0.0,18.0,42001,4800,1200,5000,1,binary,4.866643639281392
Gisette,1,stage1_unfreeze_refinement,Stage1 primary then joint unfreeze refinement,9,Stage1 soft,,0.009613574892282485,0.004576476725439231,0.17054450809955596,0.9583333333333334,0.9581239530988275,2544.0,2456.0,0.0,18.0,42001,4800,1200,5000,1,binary,5.4897890873253345
Gisette,1,stage1_unfreeze_refinement,Stage1 primary then joint unfreeze refinement,10,Stage1 soft,,0.009078246255715688,0.004038787024716536,0.16516009370485943,0.96,0.959731543624161,2607.0,2393.0,0.0,18.0,42001,4800,1200,5000,1,binary,6.039182853884995
Gisette,1,stage1_unfreeze_refinement,Stage1 primary then joint unfreeze refinement,11,Stage1 soft,,0.008756093035141627,0.003716083820909262,0.1613384513060252,0.9633333333333334,0.9628378378378378,2601.0,2399.0,0.0,18.0,42001,4800,1200,5000,1,binary,6.709005558863282
Gisette,1,stage1_unfreeze_refinement,Stage1 primary then joint unfreeze refinement,12,Stage1 soft,,0.008530097578962644,0.0034908980503678324,0.1637129479646683,0.9625,0.9618966977138018,2567.0,2433.0,0.0,18.0,42001,4800,1200,5000,1,binary,7.389161931350827
Gisette,1,stage1_unfreeze_refinement,Stage1 primary then joint unfreeze refinement,13,Stage1 soft,,0.008378724791109562,0.003341237256924311,0.16671080042918524,0.965,0.9645868465430016,2525.0,2475.0,0.0,18.0,42001,4800,1200,5000,1,binary,8.009777618572116
Gisette,1,stage1_unfreeze_refinement,Stage1 primary then joint unfreeze refinement,14,Stage1 soft,,0.008297544370094934,0.0032621733192354442,0.16034135753909748,0.965,0.964765100671141,2468.0,2532.0,0.0,18.0,42001,4800,1200,5000,1,binary,8.636614009737968
Gisette,1,stage1_unfreeze_refinement,Stage1 primary then joint unfreeze refinement,15,Stage1 soft,,0.008257979278763134,0.003224718204389016,0.15136168614029885,0.9675,0.9672544080604534,2482.0,2518.0,0.0,18.0,42001,4800,1200,5000,1,binary,9.225298042409122
Gisette,1,stage1_unfreeze_refinement,Stage1 primary then joint unfreeze refinement,16,Stage1 soft,,0.008242516616980234,0.0032111550370852154,0.15411420052250227,0.97,0.9697478991596639,2436.0,2564.0,0.0,18.0,42001,4800,1200,5000,1,binary,9.845891969278455
Gisette,1,stage1_unfreeze_refinement,Stage1 primary then joint unfreeze refinement,17,Stage1 soft,,0.008219686560332775,0.0031899052330603204,0.1499555490911007,0.9683333333333334,0.968013468013468,2437.0,2563.0,0.0,18.0,42001,4800,1200,5000,1,binary,10.553462523967028
Gisette,1,stage1_unfreeze_refinement,Stage1 primary then joint unfreeze refinement,18,Stage1 soft,,0.008211687418321768,0.003183301050836841,0.14954292476177217,0.9691666666666666,0.9688289806234204,2416.0,2584.0,0.0,18.0,42001,4800,1200,5000,1,binary,11.27392641454935
Gisette,1,stage1_unfreeze_refinement,Stage1 primary then joint unfreeze refinement,19,Stage1 soft,,0.008207819076875846,0.0031807367441554863,0.14873298714558283,0.9691666666666666,0.9688814129520605,2421.0,2579.0,0.0,18.0,42001,4800,1200,5000,1,binary,11.97527271322906
Gisette,1,stage1_unfreeze_refinement,Stage1 primary then joint unfreeze refinement,20,Stage1 soft,,0.00820836032430331,0.003182444712147117,0.14623085166017213,0.9716666666666667,0.9714285714285714,2419.0,2581.0,0.0,18.0,42001,4800,1200,5000,1,binary,12.644498568959534
Gisette,1,stage1_unfreeze_refinement,Stage1 primary then joint unfreeze refinement,21,Stage1 soft,,0.008206183748940627,0.003181266797085603,0.144513431986173,0.9708333333333333,0.9706129303106633,2410.0,2590.0,0.0,18.0,42001,4800,1200,5000,1,binary,13.262542689219117
Gisette,1,stage1_unfreeze_refinement,Stage1 primary then joint unfreeze refinement,22,Stage1 soft,,0.008203020642201105,0.003178915617366632,0.13912734985351563,0.97,0.9696969696969697,2394.0,2606.0,0.0,18.0,42001,4800,1200,5000,1,binary,13.898733219131827
Gisette,1,stage1_unfreeze_refinement,Stage1 primary then joint unfreeze refinement,23,Stage1 soft,,0.008199110341568788,0.0031756979723771414,0.13932875553766885,0.9683333333333334,0.968013468013468,2394.0,2606.0,0.0,18.0,42001,4800,1200,5000,1,binary,14.46143502369523
Gisette,1,stage1_unfreeze_refinement,Stage1 primary then joint unfreeze refinement,24,Stage1 soft,,0.00819751457621654,0.0031746501258263986,0.13655397946635883,0.9708333333333333,0.9705634987384356,2381.0,2619.0,0.0,18.0,42001,4800,1200,5000,1,binary,15.05672362074256
Gisette,1,stage1_unfreeze_refinement,Stage1 primary then joint unfreeze refinement,25,Stage1 soft,,0.008191934848825137,0.003169474443420768,0.13304707432786625,0.97,0.9697478991596639,2378.0,2622.0,0.0,18.0,42001,4800,1200,5000,1,binary,15.654137047939003
Gisette,1,stage1_unfreeze_refinement,Stage1 primary then joint unfreeze refinement,26,Stage1 soft,,0.008191343036790689,0.003169282137726744,0.13355052570501963,0.9708333333333333,0.9705634987384356,2388.0,2612.0,0.0,18.0,42001,4800,1200,5000,1,binary,16.260109968483448
Gisette,1,stage1_unfreeze_refinement,Stage1 primary then joint unfreeze refinement,27,Stage1 soft,,0.008185598105192184,0.0031638493171582617,0.1316442165275415,0.9725,0.9722455845248108,2380.0,2620.0,0.0,18.0,42001,4800,1200,5000,1,binary,16.894922401756048
Gisette,1,stage1_unfreeze_refinement,Stage1 primary then joint unfreeze refinement,28,Stage1 soft,,0.008184844702482224,0.00316329812631011,0.13315712730089824,0.9725,0.9721988205560236,2401.0,2599.0,0.0,18.0,42001,4800,1200,5000,1,binary,17.558096914552152
Gisette,1,stage1_unfreeze_refinement,Stage1 primary then joint unfreeze refinement,29,Stage1 soft,,0.00817765270670255,0.0031562794155130785,0.13014570568998654,0.9716666666666667,0.9713804713804713,2396.0,2604.0,0.0,18.0,42001,4800,1200,5000,1,binary,18.27622684650123
Gisette,1,stage1_unfreeze_refinement,Stage1 primary then joint unfreeze refinement,30,Stage1 soft,,0.008180304616689681,0.003159091367075841,0.12808247198661168,0.9725,0.9722455845248108,2409.0,2591.0,0.0,18.0,42001,4800,1200,5000,1,binary,18.92307869810611
Gisette,1,stage1_unfreeze_refinement,Stage1 primary then joint unfreeze refinement,31,Primary hard,Primary hard,0.0010459066741168499,0.0010459066741168499,0.0961886208007733,0.9683333333333334,0.9681208053691275,2409.0,2591.0,0.0,18.0,42001,4800,1200,5000,1,binary,19.634973982349038
Gisette,1,stage1_unfreeze_refinement,Stage1 primary then joint unfreeze refinement,32,Primary hard,,0.0028816735465079547,0.0028816735465079547,0.09734700739383698,0.9658333333333333,0.9656903765690377,2409.0,2591.0,0.0,18.0,42001,4800,1200,5000,1,binary,20.227244338020682
Gisette,1,stage1_unfreeze_refinement,Stage1 primary then joint unfreeze refinement,33,Primary hard,,0.0019606289143363634,0.0019606289143363634,0.09404796734452248,0.9683333333333334,0.9682804674457429,2409.0,2591.0,0.0,18.0,42001,4800,1200,5000,1,binary,20.841957153752446
Gisette,1,stage1_unfreeze_refinement,Stage1 primary then joint unfreeze refinement,34,Primary hard,,0.0015869779512286187,0.0015869779512286187,0.09472261647383372,0.9675,0.9674185463659147,2409.0,2591.0,0.0,18.0,42001,4800,1200,5000,1,binary,21.443158650770783
Gisette,1,stage1_unfreeze_refinement,Stage1 primary then joint unfreeze refinement,35,Primary hard,,0.0011631554691120983,0.0011631554691120983,0.09327492405970891,0.97,0.9698996655518395,2409.0,2591.0,0.0,18.0,42001,4800,1200,5000,1,binary,22.06602317467332
Gisette,1,stage1_unfreeze_refinement,Stage1 primary then joint unfreeze refinement,36,Primary hard,,0.0009765717495853702,0.0009765717495853702,0.09331719651818275,0.97,0.9698996655518395,2409.0,2591.0,0.0,18.0,42001,4800,1200,5000,1,binary,22.748286078684032
Gisette,1,stage1_unfreeze_refinement,Stage1 primary then joint unfreeze refinement,37,Primary hard,,0.0008076038040841619,0.0008076038040841619,0.0926646122833093,0.9733333333333334,0.9733333333333334,2409.0,2591.0,0.0,18.0,42001,4800,1200,5000,1,binary,23.39610794465989
Gisette,1,stage1_unfreeze_refinement,Stage1 primary then joint unfreeze refinement,38,Primary hard,,0.0007519792548070351,0.0007519792548070351,0.08909064789613087,0.9733333333333334,0.9732441471571907,2409.0,2591.0,0.0,18.0,42001,4800,1200,5000,1,binary,24.043013173155487
Gisette,1,stage1_unfreeze_refinement,Stage1 primary then joint unfreeze refinement,39,Primary hard,,0.0007659523701295256,0.0007659523701295256,0.08557783688108127,0.9725,0.9723849372384937,2409.0,2591.0,0.0,18.0,42001,4800,1200,5000,1,binary,24.723690968938172
Gisette,1,stage1_unfreeze_refinement,Stage1 primary then joint unfreeze refinement,40,Primary hard,,0.0008072437803881864,0.0008072437803881864,0.08404973857104778,0.9733333333333334,0.9731993299832495,2409.0,2591.0,0.0,18.0,42001,4800,1200,5000,1,binary,25.416383436881006
Gisette,1,stage1_unfreeze_refinement,Stage1 primary then joint unfreeze refinement,41,Primary hard,,0.0009119711754222711,0.0009119711754222711,0.08248486114044984,0.9716666666666667,0.9715242881072027,2409.0,2591.0,0.0,18.0,42001,4800,1200,5000,1,binary,26.041724381037056
Gisette,1,stage1_unfreeze_refinement,Stage1 primary then joint unfreeze refinement,42,Primary hard,,0.0009567298196877042,0.0009567298196877042,0.08185278328756491,0.9733333333333334,0.9732441471571907,2409.0,2591.0,0.0,18.0,42001,4800,1200,5000,1,binary,26.69458484929055
Gisette,1,stage1_unfreeze_refinement,Stage1 primary then joint unfreeze refinement,43,Primary hard,,0.0009941189844782153,0.0009941189844782153,0.08086677556236585,0.9741666666666666,0.9740585774058578,2409.0,2591.0,0.0,18.0,42001,4800,1200,5000,1,binary,27.278621573001146
Gisette,1,stage1_unfreeze_refinement,Stage1 primary then joint unfreeze refinement,44,Primary hard,,0.001005391951960822,0.001005391951960822,0.0787478157877922,0.9741666666666666,0.9740585774058578,2409.0,2591.0,0.0,18.0,42001,4800,1200,5000,1,binary,27.881922954693437
Gisette,1,stage1_unfreeze_refinement,Stage1 primary then joint unfreeze refinement,45,Primary hard,,0.0009862618489811818,0.0009862618489811818,0.07885789123674233,0.9741666666666666,0.9740585774058578,2409.0,2591.0,0.0,18.0,42001,4800,1200,5000,1,binary,28.489525254815817
Gisette,1,stage1_unfreeze_refinement,Stage1 primary then joint unfreeze refinement,46,Primary hard,,0.0009966372838243842,0.0009966372838243842,0.07790637058516343,0.9733333333333334,0.9731993299832495,2409.0,2591.0,0.0,18.0,42001,4800,1200,5000,1,binary,29.15350933559239
Gisette,1,stage1_unfreeze_refinement,Stage1 primary then joint unfreeze refinement,47,Primary hard,,0.0010020478582009674,0.0010020478582009674,0.07739392849306266,0.975,0.9749163879598662,2409.0,2591.0,0.0,18.0,42001,4800,1200,5000,1,binary,29.81975043192506
Gisette,1,stage1_unfreeze_refinement,Stage1 primary then joint unfreeze refinement,48,Primary hard,,0.000991936839806537,0.000991936839806537,0.07818563503523668,0.9758333333333333,0.9757727652464494,2409.0,2591.0,0.0,18.0,42001,4800,1200,5000,1,binary,30.443605962209404
Gisette,1,stage1_unfreeze_refinement,Stage1 primary then joint unfreeze refinement,49,Primary hard,,0.0009858666158591707,0.0009858666158591707,0.07954556147257487,0.975,0.9749163879598662,2409.0,2591.0,0.0,18.0,42001,4800,1200,5000,1,binary,31.137490372173488
Gisette,1,stage1_unfreeze_refinement,Stage1 primary then joint unfreeze refinement,50,Primary hard,,0.0009679732906321684,0.0009679732906321684,0.07864185844858487,0.9741666666666666,0.9740585774058578,2409.0,2591.0,0.0,18.0,42001,4800,1200,5000,1,binary,31.834630673751235
Gisette,1,stage1_unfreeze_refinement,Stage1 primary then joint unfreeze refinement,51,Unfreeze refinement,Unfreeze refinement,0.027808159440755844,0.02253245102862517,0.10331443319718044,0.9758333333333333,0.9757727652464494,2457.0,867.0,0.0,18.0,42001,4800,1200,5000,1,binary,33.59924193099141
Gisette,1,stage1_unfreeze_refinement,Stage1 primary then joint unfreeze refinement,52,Unfreeze refinement,,0.01837590739130974,0.013097007094571988,0.11386652695635954,0.9683333333333334,0.9683333333333334,2378.0,645.0,0.0,18.0,42001,4800,1200,5000,1,binary,35.34505312796682
Gisette,1,stage1_unfreeze_refinement,Stage1 primary then joint unfreeze refinement,53,Unfreeze refinement,,0.012444197461009025,0.0071588690082232155,0.12256966590881348,0.9691666666666666,0.969140950792327,2441.0,847.0,0.0,18.0,42001,4800,1200,5000,1,binary,36.97842761594802
Gisette,1,stage1_unfreeze_refinement,Stage1 primary then joint unfreeze refinement,54,Unfreeze refinement,,0.008256586578985056,0.0029752681652704875,0.12731518718103568,0.9708333333333333,0.9706621961441744,2463.0,746.0,0.0,18.0,42001,4800,1200,5000,1,binary,38.82569690607488
Gisette,1,stage1_unfreeze_refinement,Stage1 primary then joint unfreeze refinement,55,Unfreeze refinement,,0.007422090979913871,0.0021362356779476006,0.13380985458691916,0.9683333333333334,0.9682274247491639,2439.0,991.0,0.0,18.0,42001,4800,1200,5000,1,binary,40.664102487266064
Gisette,1,stage1_unfreeze_refinement,Stage1 primary then joint unfreeze refinement,56,Unfreeze refinement,,0.0070523405509690445,0.0017652370128780604,0.14205089231332144,0.9675,0.9674728940783986,2485.0,958.0,0.0,18.0,42001,4800,1200,5000,1,binary,42.399738441221416
Gisette,1,stage1_unfreeze_refinement,Stage1 primary then joint unfreeze refinement,57,Unfreeze refinement,,0.00686376815661788,0.0015786110423505306,0.13968779817223548,0.9725,0.9725228975853455,2432.0,1119.0,0.0,18.0,42001,4800,1200,5000,1,binary,44.04159383010119
Gisette,1,stage1_unfreeze_refinement,Stage1 primary then joint unfreeze refinement,58,Unfreeze refinement,,0.006836795192211867,0.0015488304787625868,0.13329483970999717,0.9708333333333333,0.9707602339181286,2372.0,1053.0,0.0,18.0,42001,4800,1200,5000,1,binary,45.58567526936531
Gisette,1,stage1_unfreeze_refinement,Stage1 primary then joint unfreeze refinement,59,Unfreeze refinement,,0.006805400432397922,0.001512215567442278,0.11823105330268542,0.9733333333333334,0.9731993299832495,2233.0,1240.0,0.0,18.0,42001,4800,1200,5000,1,binary,47.23395073786378
Gisette,1,stage1_unfreeze_refinement,Stage1 primary then joint unfreeze refinement,60,Unfreeze refinement,,0.006890477929264307,0.0015849242374921838,0.11038978949189186,0.975,0.9749582637729549,2045.0,1212.0,0.0,18.0,42001,4800,1200,5000,1,binary,48.76404402218759
Gisette,1,stage1_unfreeze_refinement,Stage1 primary then joint unfreeze refinement,61,Unfreeze refinement,,0.007032192684710026,0.0017132413821915786,0.10844073792298635,0.9741666666666666,0.9741451209341118,1897.0,1277.0,0.0,18.0,42001,4800,1200,5000,1,binary,50.49794054962695
Gisette,1,stage1_unfreeze_refinement,Stage1 primary then joint unfreeze refinement,62,Unfreeze refinement,,0.007247899603098631,0.0019182346295565367,0.10365102286140124,0.9741666666666666,0.9741451209341118,1805.0,1341.0,0.0,18.0,42001,4800,1200,5000,1,binary,52.162566961720586
Gisette,1,stage1_unfreeze_refinement,Stage1 primary then joint unfreeze refinement,63,Unfreeze refinement,,0.007496300761898359,0.002161369730407993,0.10615101411938667,0.9741666666666666,0.974188176519567,1781.0,1363.0,0.0,18.0,42001,4800,1200,5000,1,binary,53.811297356151044
Gisette,1,stage1_unfreeze_refinement,Stage1 primary then joint unfreeze refinement,64,Unfreeze refinement,,0.007698715956260761,0.002365699872995416,0.10379910220702489,0.9758333333333333,0.9758534554537885,1836.0,1324.0,0.0,18.0,42001,4800,1200,5000,1,binary,55.459911067038774
Gisette,1,stage1_unfreeze_refinement,Stage1 primary then joint unfreeze refinement,65,Unfreeze refinement,,0.00783854490146041,0.0025113947223871945,0.10621206223964691,0.9758333333333333,0.97581317764804,1899.0,1286.0,0.0,18.0,42001,4800,1200,5000,1,binary,57.16012369282544
Gisette,1,stage1_unfreeze_refinement,Stage1 primary then joint unfreeze refinement,66,Unfreeze refinement,,0.008029325616856415,0.002708302503451705,0.10393290283779304,0.9725,0.9724770642201835,1976.0,1194.0,0.0,18.0,42001,4800,1200,5000,1,binary,58.79010181315243
Gisette,1,stage1_unfreeze_refinement,Stage1 primary then joint unfreeze refinement,67,Unfreeze refinement,,0.00816157940775156,0.002849832574526469,0.10099104511241118,0.9733333333333334,0.9732441471571907,2074.0,1160.0,0.0,18.0,42001,4800,1200,5000,1,binary,60.41176323778927
Gisette,1,stage1_unfreeze_refinement,Stage1 primary then joint unfreeze refinement,68,Unfreeze refinement,,0.008198037060598533,0.00289319759234786,0.1025194514542818,0.9758333333333333,0.9756915339480302,2120.0,1101.0,0.0,18.0,42001,4800,1200,5000,1,binary,61.97268945351243
Gisette,1,stage1_unfreeze_refinement,Stage1 primary then joint unfreeze refinement,69,Unfreeze refinement,,0.008163423649966717,0.002860902144263188,0.10341749608516693,0.9758333333333333,0.97581317764804,2147.0,1082.0,0.0,18.0,42001,4800,1200,5000,1,binary,63.59225109219551
Gisette,1,stage1_unfreeze_refinement,Stage1 primary then joint unfreeze refinement,70,Unfreeze refinement,,0.008197813120981057,0.0028963551949709654,0.1005939431488514,0.9766666666666667,0.9766277128547579,2147.0,1103.0,0.0,18.0,42001,4800,1200,5000,1,binary,65.3343914533034
Gisette,1,stage1_unfreeze_refinement,Stage1 primary then joint unfreeze refinement,71,Unfreeze refinement,,0.008084063443044822,0.0027837445276478927,0.0975586593647798,0.9766666666666667,0.9765886287625418,2179.0,1023.0,0.0,18.0,42001,4800,1200,5000,1,binary,67.12057923991233
Gisette,1,stage1_unfreeze_refinement,Stage1 primary then joint unfreeze refinement,72,Unfreeze refinement,,0.008042612249652544,0.0027421248611062764,0.10003065034747123,0.975,0.9749582637729549,2154.0,1051.0,0.0,18.0,42001,4800,1200,5000,1,binary,68.72932405304164
Gisette,1,stage1_unfreeze_refinement,Stage1 primary then joint unfreeze refinement,73,Unfreeze refinement,,0.0079608300079902,0.0026590405808140836,0.10058837617437044,0.9766666666666667,0.9765494137353434,2154.0,1043.0,0.0,18.0,42001,4800,1200,5000,1,binary,70.4258179794997
Gisette,1,stage1_unfreeze_refinement,Stage1 primary then joint unfreeze refinement,74,Unfreeze refinement,,0.007958284293611844,0.002656571213155985,0.09991375116010506,0.9733333333333334,0.9731993299832495,2115.0,1006.0,0.0,18.0,42001,4800,1200,5000,1,binary,72.04809469450265
Gisette,1,stage1_unfreeze_refinement,Stage1 primary then joint unfreeze refinement,75,Unfreeze refinement,,0.007934498898684979,0.0026313593331724404,0.1016349529226621,0.9766666666666667,0.9767054908485857,2139.0,1052.0,0.0,18.0,42001,4800,1200,5000,1,binary,73.70793295279145
Gisette,1,stage1_unfreeze_refinement,Stage1 primary then joint unfreeze refinement,76,Unfreeze refinement,,0.007924972747762998,0.0026226814184337854,0.10210725588103135,0.9758333333333333,0.9757322175732217,2135.0,1002.0,0.0,18.0,42001,4800,1200,5000,1,binary,75.56951043475419
Gisette,1,stage1_unfreeze_refinement,Stage1 primary then joint unfreeze refinement,77,Unfreeze refinement,,0.007912819062670072,0.0026100550685077906,0.10037475494047006,0.9775,0.9774058577405857,2127.0,1058.0,0.0,18.0,42001,4800,1200,5000,1,binary,77.38537235651165
Gisette,1,stage1_unfreeze_refinement,Stage1 primary then joint unfreeze refinement,78,Unfreeze refinement,,0.00794017410526673,0.002636908258621891,0.10047023651500543,0.9766666666666667,0.9765494137353434,2143.0,1045.0,0.0,18.0,42001,4800,1200,5000,1,binary,78.90360271371901
Gisette,1,stage1_unfreeze_refinement,Stage1 primary then joint unfreeze refinement,79,Unfreeze refinement,,0.007993469300369422,0.0026919347575555244,0.10038621524969736,0.9758333333333333,0.9756915339480302,2137.0,1029.0,0.0,18.0,42001,4800,1200,5000,1,binary,80.28115600068122
Gisette,1,stage1_unfreeze_refinement,Stage1 primary then joint unfreeze refinement,80,Unfreeze refinement,,0.00802109319716692,0.002717509058614572,0.10276836161812146,0.9741666666666666,0.9741451209341118,2124.0,1009.0,0.0,18.0,42001,4800,1200,5000,1,binary,81.89503804035485
Gisette,1,stage1_unfreeze_refinement,Stage1 primary then joint unfreeze refinement,81,Unfreeze refinement,,0.007968345185120901,0.002666534815604488,0.1066666553914547,0.9741666666666666,0.9741019214703425,2166.0,966.0,0.0,18.0,42001,4800,1200,5000,1,binary,83.59930573031306
Gisette,1,stage1_unfreeze_refinement,Stage1 primary then joint unfreeze refinement,82,Unfreeze refinement,,0.008013195128490528,0.0027125301553557316,0.09886760304371515,0.9741666666666666,0.9741019214703425,2145.0,1036.0,0.0,18.0,42001,4800,1200,5000,1,binary,85.23302350379527
Gisette,1,stage1_unfreeze_refinement,Stage1 primary then joint unfreeze refinement,83,Unfreeze refinement,,0.007954069077968598,0.0026519673814376196,0.09491493552923203,0.9766666666666667,0.9765100671140939,2167.0,1066.0,0.0,18.0,42001,4800,1200,5000,1,binary,86.86765951104462
Gisette,1,stage1_unfreeze_refinement,Stage1 primary then joint unfreeze refinement,84,Unfreeze refinement,,0.007969053077201048,0.0026687369868159294,0.10280872017145157,0.975,0.9749163879598662,2150.0,1026.0,0.0,18.0,42001,4800,1200,5000,1,binary,88.52461076434702
Gisette,1,stage1_unfreeze_refinement,Stage1 primary then joint unfreeze refinement,85,Unfreeze refinement,,0.008004402071237563,0.002703892979770899,0.10542554073035718,0.9766666666666667,0.9766666666666667,2178.0,1003.0,0.0,18.0,42001,4800,1200,5000,1,binary,90.20894887018949
Gisette,1,stage1_unfreeze_refinement,Stage1 primary then joint unfreeze refinement,86,Unfreeze refinement,,0.008019347414374352,0.002722030070920785,0.1077629055082798,0.9783333333333334,0.9782608695652174,2216.0,919.0,0.0,18.0,42001,4800,1200,5000,1,binary,91.85506216157228
Gisette,1,stage1_unfreeze_refinement,Stage1 primary then joint unfreeze refinement,87,Unfreeze refinement,,0.00802455806483825,0.0027293177880346776,0.09848734808464844,0.9783333333333334,0.9782971619365609,2213.0,984.0,0.0,18.0,42001,4800,1200,5000,1,binary,93.52381403930485
Gisette,1,stage1_unfreeze_refinement,Stage1 primary then joint unfreeze refinement,88,Unfreeze refinement,,0.00805080346763134,0.0027557695563882587,0.0957635518660148,0.975,0.9749582637729549,2225.0,945.0,0.0,18.0,42001,4800,1200,5000,1,binary,95.1042594993487
Gisette,1,stage1_unfreeze_refinement,Stage1 primary then joint unfreeze refinement,89,Unfreeze refinement,,0.008038468261559805,0.0027437619461367527,0.0988673130919536,0.9775,0.9773679798826488,2180.0,977.0,0.0,18.0,42001,4800,1200,5000,1,binary,96.87565231509507
Gisette,1,stage1_unfreeze_refinement,Stage1 primary then joint unfreeze refinement,90,Unfreeze refinement,,0.00793471938620011,0.0026370233421524366,0.1077564863115549,0.9783333333333334,0.978369384359401,2207.0,999.0,0.0,18.0,42001,4800,1200,5000,1,binary,98.4671853305772
